rownum,site,day,month,year,time,latitude,longitude,CHPU_index,MOCO_index,building_type,roof_design,occ_bin
1,MAKT_06,7,2,2022,17:00:00,-3.4095164,38.1332393,4,0,modern,triangle,1
3,MAKT_06,1,3,2022,10:03:48,-3.4133254,38.1364995,NA,NA,modern,triangle,1
4,MAKT_06,1,3,2022,10:10:47,-3.4126286,38.1358373,NA,NA,mud,triangle,1
6,MAKT_06,1,3,2022,10:47:51,-3.4113892,38.1363739,NA,NA,modern,triangle,1
7,MAKT_06,1,3,2022,10:52:37,-3.4113208,38.1359664,2,0,mud,flat,1
8,MAKT_06,1,3,2022,11:01:07,-3.4108023,38.1353797,NA,NA,mud,flat,0
9,MAKT_06,1,3,2022,11:44:31,-3.4118288,38.1297595,NA,NA,modern_mud,triangle,1
10,MAKT_06,1,3,2022,12:11:16,-3.4091626,38.1292788,NA,NA,modern,triangle,0
11,MAKT_06,1,3,2022,12:35:53,-3.4093126,38.1318487,NA,NA,modern,triangle,1
12,MAKT_06,1,3,2022,14:01:42,-3.4057859,38.1321487,2,0,modern,triangle,1
13,MAKT_06,1,3,2022,14:28:00,-3.407354,38.1348686,5,5,modern,triangle,1
14,MAKT_06,1,3,2022,15:07:13,-3.4070399,38.1353239,NA,NA,modern,triangle,1
15,MAKT_06,1,3,2022,15:10:45,-3.4073321,38.1358451,NA,NA,modern,triangle,1
16,MAKT_06,1,3,2022,15:15:32,-3.4067015,38.1359791,NA,NA,modern,triangle,1
17,MAKT_06,1,3,2022,16:17:34,-3.4070696,38.1374747,NA,NA,modern,triangle,1
18,MAKT_06,1,3,2022,16:22:26,-3.406621,38.1370001,NA,NA,modern,triangle,0
19,MAKT_06,1,3,2022,16:37:50,-3.4057264,38.1377489,1,0,modern,triangle,1
20,MAKT_06,1,3,2022,16:43:35,-3.4059514,38.1376648,1,0,modern,triangle,1
21,MAKT_06,1,3,2022,17:06:23,-3.4090398,38.1377243,3,0,modern,triangle,1
22,MAKT_06,2,3,2022,9:32:32,-3.4057122,38.133142,NA,NA,modern,triangle,1
23,MAKT_06,2,3,2022,10:12:13,-3.4060949,38.1361684,NA,NA,modern,flat,1
24,MAKT_06,2,3,2022,10:28:14,-3.4051046,38.1385378,1,0,modern,triangle,1
25,MAKT_06,1,3,2022,10:59:49,-3.4102292,38.1356253,NA,NA,modern,triangle,1
26,MAKT_06,1,3,2022,11:13:59,-3.4111387,38.1338762,NA,NA,modern,triangle,0
27,MAKT_06,1,3,2022,14:29:25,-3.4068938,38.1341793,NA,NA,modern,triangle,1
28,MAKT_06,1,3,2022,16:06:00,-3.40747,38.13762,NA,NA,modern,triangle,1
29,MAKT_06,1,3,2022,16:52:47,-3.408056,38.1373932,NA,NA,modern,triangle,1
30,MAKT_06,1,3,2022,17:15:25,-3.4090937,38.1373547,NA,NA,modern,triangle,0
31,MAKT_06,2,3,2022,9:34:42,-3.4055403,38.1332429,NA,NA,modern,triangle,NA
32,MAKT_06,2,3,2022,9:45:19,-3.4054782,38.1334834,NA,NA,modern,triangle,NA
33,MAKT_06,2,3,2022,9:54:46,-3.4058043,38.1347477,NA,NA,modern,triangle,0
34,MAKT_06,2,3,2022,10:40:16,-3.4054705,38.1362848,NA,NA,modern,flat,NA
41,MAKT_06,7,2,2022,17:00:00,-3.4095306,38.1331444,0,0,modern,triangle,0
42,MAKT_06,7,2,2022,17:00:00,-3.407472,38.1313125,0,0,modern,triangle,0
43,MAKT_06,7,2,2022,17:00:00,-3.4072045,38.1316388,0,0,modern,triangle,0
44,MAKT_06,7,2,2022,17:00:00,-3.4071016,38.1316562,0,0,modern,flat,0
45,MAKT_06,7,2,2022,17:00:00,-3.4071396,38.1319175,0,0,modern,flat,0
46,MAKT_06,7,2,2022,17:00:00,-3.4072077,38.1319112,0,0,modern,flat,0
47,MAKT_06,7,2,2022,17:00:00,-3.4071206,38.1320933,0,0,modern,flat,0
48,MAKT_06,7,2,2022,17:00:00,-3.4071807,38.1320902,0,0,modern,flat,0
49,MAKT_06,7,2,2022,17:00:00,-3.4071697,38.1322232,0,0,modern,triangle,0
50,MAKT_06,7,2,2022,17:00:00,-3.4071665,38.1313078,0,0,modern,flat,0
52,MAKT_06,1,3,2022,10:04:27,-3.4133396,38.1366004,0,0,modern,triangle,0
53,MAKT_06,1,3,2022,10:10:16,-3.412519,38.135824,0,0,other_not enclosed,NA,0
54,MAKT_06,1,3,2022,10:18:33,-3.4134272,38.1365511,0,0,other_latrine,flat,0
57,MAKT_06,1,3,2022,10:27:06,-3.4133863,38.1374608,0,0,modern,triangle,0
58,MAKT_06,1,3,2022,10:28:09,-3.4123036,38.1373779,0,0,mud,other_no roof,0
59,MAKT_06,1,3,2022,10:29:21,-3.4121765,38.1369806,0,0,modern,other_triangle/flat,0
60,MAKT_06,1,3,2022,10:31:11,-3.4121073,38.1368244,0,0,other_latrine,flat,0
61,MAKT_06,1,3,2022,10:50:47,-3.4113048,38.136371,0,0,other_latrine,flat,0
62,MAKT_06,1,3,2022,10:51:09,-3.4113849,38.1363128,0,0,mud,other_no roof,0
63,MAKT_06,1,3,2022,10:55:31,-3.4113307,38.1358516,0,0,other_iron,flat,0
64,MAKT_06,1,3,2022,10:55:57,-3.4112777,38.1358878,0,0,other_latrine,flat,0
65,MAKT_06,1,3,2022,10:57:27,-3.4108497,38.1359032,0,0,other_water pump,flat,0
66,MAKT_06,1,3,2022,10:58:39,-3.4103229,38.1356588,0,0,modern,triangle,0
67,MAKT_06,1,3,2022,11:00:21,-3.4103042,38.1355153,0,0,other_latrine,flat,0
68,MAKT_06,1,3,2022,11:14:53,-3.4111001,38.133789,0,0,other_latrine,flat,0
69,MAKT_06,1,3,2022,11:15:11,-3.4110666,38.1339449,0,0,other_iron,flat,0
70,MAKT_06,1,3,2022,11:18:36,-3.4117025,38.1329577,0,0,mud,flat,0
71,MAKT_06,1,3,2022,11:19:03,-3.4116964,38.1330259,0,0,mud,triangle,0
72,MAKT_06,1,3,2022,11:20:42,-3.4111019,38.1334029,0,0,mud,triangle,0
73,MAKT_06,1,3,2022,11:21:05,-3.4111151,38.1333482,0,0,other_latrine,flat,0
74,MAKT_06,1,3,2022,11:21:46,-3.4123069,38.1334358,0,0,mud,triangle,0
75,MAKT_06,1,3,2022,11:24:32,-3.4125484,38.1325086,0,0,mud,flat,0
76,MAKT_06,1,3,2022,11:25:26,-3.4125316,38.1324145,0,0,mud,flat,0
77,MAKT_06,1,3,2022,11:27:24,-3.4125728,38.1326081,0,0,other_latrine,flat,0
78,MAKT_06,1,3,2022,11:27:38,-3.412562,38.132684,0,0,mud,flat,0
79,MAKT_06,1,3,2022,11:29:10,-3.4130704,38.1319618,0,0,mud,flat,0
81,MAKT_06,1,3,2022,11:39:17,-3.4121797,38.1293652,0,0,mud,flat,0
82,MAKT_06,1,3,2022,11:53:15,-3.4118685,38.1297004,0,0,mud,flat,0
83,MAKT_06,1,3,2022,11:53:31,-3.4117909,38.1297043,0,0,other_latrine,flat,0
84,MAKT_06,1,3,2022,12:02:51,-3.4095039,38.1296852,0,0,mud,flat,0
85,MAKT_06,1,3,2022,12:04:18,-3.4095039,38.1295889,0,0,modern_mud,triangle,0
86,MAKT_06,1,3,2022,12:05:03,-3.409235,38.1292064,0,0,other_latrine,flat,0
87,MAKT_06,1,3,2022,12:17:58,-3.4087994,38.1296461,0,0,mud,triangle,0
88,MAKT_06,1,3,2022,12:21:53,-3.4084607,38.1292477,0,0,modern,triangle,0
89,MAKT_06,1,3,2022,12:22:55,-3.4083482,38.1291275,0,0,modern,triangle,0
90,MAKT_06,1,3,2022,12:23:22,-3.4082861,38.1291326,0,0,other_coup,flat,0
91,MAKT_06,1,3,2022,12:23:46,-3.4082887,38.1291494,0,0,mud,other_straw,0
92,MAKT_06,1,3,2022,12:25:10,-3.4104968,38.1307493,0,0,mud,flat,0
93,MAKT_06,1,3,2022,12:27:17,-3.4078085,38.1308746,0,0,modern,triangle,0
94,MAKT_06,1,3,2022,12:35:40,-3.4093242,38.1317905,0,0,other_latrine,flat,0
95,MAKT_06,1,3,2022,12:36:48,-3.4094044,38.1319288,0,0,mud,triangle,0
96,MAKT_06,1,3,2022,12:43:22,-3.4102696,38.132332,0,0,mud,flat,0
97,MAKT_06,1,3,2022,12:46:18,-3.4103165,38.1322405,0,0,other_latrine,flat,0
98,MAKT_06,1,3,2022,12:50:23,-3.4106766,38.1329724,0,0,mud,flat,0
99,MAKT_06,1,3,2022,12:54:20,-3.4110475,38.1335636,0,0,modern_mud,flat,0
100,MAKT_06,1,3,2022,12:55:08,-3.411446,38.1323569,0,0,mud,flat,0
101,MAKT_06,1,3,2022,12:59:09,-3.410104,38.1347501,0,0,other_latrine,flat,0
102,MAKT_06,1,3,2022,12:59:24,-3.4101928,38.134796,0,0,modern_mud,triangle,0
103,MAKT_06,1,3,2022,13:00:02,-3.4101111,38.1348361,0,0,mud,triangle,0
104,MAKT_06,1,3,2022,13:00:26,-3.4102008,38.1347031,0,0,mud,triangle,0
105,MAKT_06,1,3,2022,13:01:34,-3.4096707,38.1341055,0,0,other_latrine,flat,0
106,MAKT_06,1,3,2022,13:01:46,-3.4096371,38.1341599,0,0,other_iron,flat,0
107,MAKT_06,1,3,2022,13:02:01,-3.4095763,38.1340861,0,0,modern,triangle,0
108,MAKT_06,1,3,2022,13:08:29,-3.4129595,38.1350483,0,0,modern,triangle,0
109,MAKT_06,1,3,2022,13:21:32,-3.4068026,38.1338286,0,0,modern,flat,0
110,MAKT_06,1,3,2022,13:24:42,-3.4066343,38.1336608,0,0,modern,flat,0
111,MAKT_06,1,3,2022,13:38:55,-3.4064827,38.1323194,0,0,modern,flat,0
112,MAKT_06,1,3,2022,13:43:25,-3.4062183,38.1313346,0,0,modern,flat,0
113,MAKT_06,1,3,2022,13:47:13,-3.4049947,38.1310106,0,0,modern,triangle,0
114,MAKT_06,1,3,2022,13:49:12,-3.4056182,38.1304269,0,0,other_iron,flat,0
115,MAKT_06,1,3,2022,13:49:31,-3.4056138,38.1303126,0,0,other_iron,flat,0
116,MAKT_06,1,3,2022,13:54:23,-3.4054187,38.1314574,0,0,modern,triangle,0
117,MAKT_06,1,3,2022,13:54:47,-3.4053582,38.1314969,0,0,modern,triangle,0
118,MAKT_06,1,3,2022,13:55:04,-3.4052981,38.131403,0,0,other_coup,flat,0
119,MAKT_06,1,3,2022,13:55:23,-3.4052503,38.13137,0,0,other_latrine,flat,0
120,MAKT_06,1,3,2022,13:56:19,-3.405435,38.1316274,0,0,NA,other_no roof,0
121,MAKT_06,1,3,2022,14:01:20,-3.4058777,38.1321655,0,0,modern,triangle,0
122,MAKT_06,1,3,2022,14:04:38,-3.4055209,38.1323052,0,0,modern,triangle,0
123,MAKT_06,1,3,2022,14:05:44,-3.4060289,38.132472,0,0,modern,flat,0
124,MAKT_06,1,3,2022,14:08:03,-3.4061013,38.1326958,0,0,modern,flat,0
125,MAKT_06,1,3,2022,14:08:29,-3.4060341,38.1326816,0,0,modern,flat,0
126,MAKT_06,1,3,2022,14:14:16,-3.4061821,38.1332316,0,0,modern,triangle,0
127,MAKT_06,1,3,2022,14:14:41,-3.4060503,38.1332217,0,0,modern,triangle,0
128,MAKT_06,1,3,2022,14:14:57,-3.4060758,38.1333082,0,0,modern,triangle,0
129,MAKT_06,1,3,2022,14:16:36,-3.4062062,38.1338485,0,0,modern,triangle,0
130,MAKT_06,1,3,2022,14:28:55,-3.4070438,38.1345,0,0,modern,triangle,0
131,MAKT_06,1,3,2022,14:35:58,-3.4069447,38.1345917,0,0,modern,triangle,0
132,MAKT_06,1,3,2022,14:36:14,-3.4071604,38.1346164,0,0,other_coup,flat,0
133,MAKT_06,1,3,2022,14:43:35,-3.4064162,38.1349199,0,0,modern,triangle,0
134,MAKT_06,1,3,2022,14:44:06,-3.4064504,38.135007,0,0,modern,flat,0
135,MAKT_06,1,3,2022,14:51:55,-3.4066016,38.1335921,0,0,modern,flat,0
136,MAKT_06,1,3,2022,14:52:06,-3.4066081,38.133433,0,0,modern,flat,0
137,MAKT_06,1,3,2022,14:52:16,-3.40659,38.1332817,0,0,modern,flat,0
138,MAKT_06,1,3,2022,14:52:29,-3.4064827,38.13312,0,0,modern,flat,0
139,MAKT_06,1,3,2022,14:52:39,-3.4064219,38.1330127,0,0,modern,flat,0
140,MAKT_06,1,3,2022,14:52:51,-3.4065499,38.1328833,0,0,modern,flat,0
141,MAKT_06,1,3,2022,14:53:01,-3.406515,38.1328018,0,0,modern,flat,0
142,MAKT_06,1,3,2022,14:53:11,-3.4065047,38.1327242,0,0,modern,flat,0
143,MAKT_06,1,3,2022,14:53:21,-3.4064866,38.1326169,0,0,modern,flat,0
144,MAKT_06,1,3,2022,14:53:31,-3.406453,38.1324514,0,0,modern,flat,0
145,MAKT_06,1,3,2022,14:53:43,-3.4063573,38.1326803,0,0,modern,flat,0
146,MAKT_06,1,3,2022,14:53:54,-3.4063948,38.1327385,0,0,modern,flat,0
147,MAKT_06,1,3,2022,14:54:09,-3.4063314,38.1319069,0,0,modern,flat,0
148,MAKT_06,1,3,2022,14:54:33,-3.4063379,38.131643,0,0,modern,flat,0
149,MAKT_06,1,3,2022,14:54:43,-3.4062862,38.131396,0,0,modern,flat,0
150,MAKT_06,1,3,2022,14:54:52,-3.4062875,38.131321,0,0,modern,flat,0
151,MAKT_06,1,3,2022,14:55:00,-3.4062591,38.1312253,0,0,modern,flat,0
152,MAKT_06,1,3,2022,15:08:34,-3.4071886,38.1351532,0,0,modern,triangle,0
153,MAKT_06,1,3,2022,15:09:49,-3.4073696,38.1352812,0,0,modern,triangle,0
154,MAKT_06,1,3,2022,15:10:01,-3.4072093,38.1353601,0,0,modern,triangle,0
155,MAKT_06,1,3,2022,15:10:33,-3.4072842,38.1356731,0,0,modern,triangle,0
156,MAKT_06,1,3,2022,15:16:39,-3.4067979,38.1359653,0,0,other_not enclosed,other_no roof,0
157,MAKT_06,1,3,2022,15:20:03,-3.4066954,38.1357649,0,0,other_iron,flat,0
158,MAKT_06,1,3,2022,15:20:19,-3.4066924,38.1356853,0,0,modern,triangle,0
159,MAKT_06,1,3,2022,15:20:37,-3.4066602,38.1355598,0,0,other_latrine,flat,0
160,MAKT_06,1,3,2022,15:42:13,-3.4080462,38.136303,0,0,modern,triangle,0
161,MAKT_06,1,3,2022,15:42:40,-3.407991,38.1363659,0,0,modern,triangle,0
162,MAKT_06,1,3,2022,15:54:37,-3.4086378,38.1368048,0,0,modern,flat,0
163,MAKT_06,1,3,2022,15:55:06,-3.4086249,38.1367181,0,0,modern,flat,0
164,MAKT_06,1,3,2022,15:55:20,-3.4086003,38.1366353,0,0,modern,flat,0
165,MAKT_06,1,3,2022,15:55:30,-3.4085382,38.1364982,0,0,modern,flat,0
166,MAKT_06,1,3,2022,15:58:28,-3.4081181,38.1368035,0,0,modern,triangle,0
167,MAKT_06,1,3,2022,16:00:59,-3.4077092,38.1373192,0,0,modern,triangle,0
168,MAKT_06,1,3,2022,16:07:06,-3.4075143,38.1376713,0,0,modern,flat,0
169,MAKT_06,1,3,2022,16:09:25,-3.4072067,38.1376092,0,0,modern,flat,0
170,MAKT_06,1,3,2022,16:12:42,-3.4071521,38.1373277,0,0,modern,flat,0
171,MAKT_06,1,3,2022,16:16:00,-3.4070722,38.1376325,0,0,modern,flat,0
172,MAKT_06,1,3,2022,16:21:48,-3.4070011,38.1375019,0,0,other_latrine,flat,0
173,MAKT_06,1,3,2022,16:24:24,-3.4066021,38.1366913,0,0,other_latrine,flat,0
174,MAKT_06,1,3,2022,16:27:31,-3.4056734,38.1364491,0,0,modern,triangle,0
175,MAKT_06,1,3,2022,16:30:06,-3.4053464,38.1365505,0,0,modern,flat,0
176,MAKT_06,1,3,2022,16:32:08,-3.4058264,38.1367907,0,0,other_latrine,flat,0
177,MAKT_06,1,3,2022,16:38:44,-3.4056902,38.1377062,0,0,mud,flat,0
178,MAKT_06,1,3,2022,16:39:04,-3.4057368,38.1376804,0,0,modern,triangle,0
179,MAKT_06,1,3,2022,16:56:53,-3.4083585,38.1375497,0,0,modern,flat,0
180,MAKT_06,1,3,2022,16:57:10,-3.4084348,38.1374463,0,0,modern,flat,0
181,MAKT_06,1,3,2022,16:59:34,-3.4081194,38.1378433,0,0,modern,flat,0
182,MAKT_06,1,3,2022,17:00:59,-3.4085675,38.137611,0,0,modern,flat,0
183,MAKT_06,1,3,2022,17:01:14,-3.4085472,38.1377122,0,0,modern,flat,0
184,MAKT_06,1,3,2022,17:02:10,-3.4085253,38.1374178,0,0,modern,flat,0
185,MAKT_06,1,3,2022,17:11:29,-3.4087968,38.1374437,0,0,modern,flat,0
186,MAKT_06,1,3,2022,17:11:40,-3.4087153,38.1374747,0,0,modern,flat,0
187,MAKT_06,1,3,2022,17:12:02,-3.4086675,38.1375083,0,0,modern,flat,0
188,MAKT_06,1,3,2022,17:13:15,-3.4089752,38.1372018,0,0,modern,flat,0
189,MAKT_06,1,3,2022,17:18:02,-3.4088205,38.1369687,0,0,modern,flat,0
190,MAKT_06,1,3,2022,17:18:26,-3.4087735,38.1371097,0,0,modern,flat,0
191,MAKT_06,1,3,2022,17:20:32,-3.4095967,38.1367053,0,0,other_not enclosed,other_no roof,0
192,MAKT_06,1,3,2022,17:21:15,-3.4098223,38.1364635,0,0,modern,triangle,0
193,MAKT_06,1,3,2022,17:22:36,-3.4098667,38.1363654,0,0,modern,triangle,0
194,MAKT_06,1,3,2022,17:22:48,-3.4099056,38.1364729,0,0,modern,triangle,0
195,MAKT_06,1,3,2022,17:23:12,-3.4096746,38.1362177,0,0,modern,triangle,0
196,MAKT_06,1,3,2022,17:27:56,-3.4091355,38.1359718,0,0,modern,triangle,0
197,MAKT_06,1,3,2022,17:30:14,-3.4088563,38.1358981,0,0,modern,flat,0
198,MAKT_06,1,3,2022,17:31:49,-3.409142,38.1360637,0,0,modern,flat,0
199,MAKT_06,2,3,2022,9:48:14,-3.4054588,38.133715,0,0,modern,triangle,0
200,MAKT_06,2,3,2022,9:48:53,-3.405395,38.133614,0,0,other_latrine,flat,0
201,MAKT_06,2,3,2022,9:49:08,-3.4053657,38.1337033,0,0,other_latrine,flat,0
202,MAKT_06,2,3,2022,9:50:43,-3.4053244,38.1340072,0,0,other_latrine,flat,0
203,MAKT_06,2,3,2022,9:53:29,-3.4057015,38.1346243,0,0,other_latrine,flat,0
204,MAKT_06,2,3,2022,9:57:25,-3.4057152,38.135039,0,0,modern,flat,0
205,MAKT_06,2,3,2022,9:58:16,-3.406151,38.1351018,0,0,modern,flat,0
206,MAKT_06,2,3,2022,9:58:50,-3.4061336,38.1351664,0,0,modern,flat,0
207,MAKT_06,2,3,2022,9:59:06,-3.4053229,38.1353373,0,0,other_latrine,flat,0
208,MAKT_06,2,3,2022,10:01:14,-3.4053626,38.1358617,0,0,other_latrine,flat,0
209,MAKT_06,2,3,2022,10:02:24,-3.4051508,38.1362397,0,0,mud,flat,0
211,MAKT_06,2,3,2022,10:08:52,-3.4059152,38.1368112,0,0,modern,triangle,0
212,MAKT_06,2,3,2022,10:14:02,-3.4061737,38.1362486,0,0,modern,triangle,1
213,MAKT_06,2,3,2022,10:14:32,-3.4061621,38.1363547,0,0,modern,flat,0
214,MAKT_06,2,3,2022,10:23:43,-3.4061556,38.1363741,0,0,other_latrine,flat,0
215,MAKT_06,2,3,2022,10:49:07,-3.4074812,38.1329964,0,0,other_not enclosed,other_no roof,0
216,MAKT_06,2,3,2022,10:49:46,-3.407359,38.1332606,0,0,modern,triangle,0
217,MAKT_06,2,3,2022,10:50:37,-3.4073937,38.1333058,0,0,modern,triangle,0
218,MAKT_06,2,3,2022,10:51:02,-3.407768,38.133359,0,0,modern,triangle,0
219,MAKT_06,2,3,2022,10:52:06,-3.4078614,38.1332998,0,0,modern,flat,0
220,MAKT_06,2,3,2022,10:54:40,-3.4079888,38.1320703,0,0,other_not enclosed,triangle,0
221,MAKT_06,2,3,2022,10:55:42,-3.4077081,38.1320593,0,0,other_iron,flat,0
222,MAKT_06,2,3,2022,10:56:18,-3.4077741,38.1318968,0,0,other_not enclosed,other_no roof,0
223,MAKT_06,2,3,2022,11:00:03,-3.4088427,38.1324914,0,0,other_latrine,flat,0
224,MAKT_06,2,3,2022,11:00:20,-3.4088404,38.1324079,0,0,other_latrine,flat,0
225,MAKT_06,2,3,2022,11:22:39,-3.4064672,38.132206,0,0,other_iron,flat,0
226,MAKT_06,2,3,2022,11:23:11,-3.406453,38.1321733,0,0,other_iron,flat,0
227,MAKT_06,2,3,2022,11:23:22,-3.40644,38.1321409,0,0,other_iron,flat,0
228,MAKT_06,2,3,2022,11:23:33,-3.4064271,38.1321086,0,0,other_iron,flat,0
229,MAKT_06,2,3,2022,11:23:54,-3.4064659,38.1322354,0,0,other_iron,flat,0
230,MAKT_06,2,3,2022,11:24:07,-3.4064594,38.1322586,0,0,other_iron,flat,0
233,MAKT_06,1,3,2022,11:06:03,-3.4117164,38.1349985,NA,NA,modern,triangle,NA
234,MAKT_06,1,3,2022,12:01:36,-3.4103378,38.129165,NA,NA,mud,triangle,0
235,MAKT_06,2,3,2022,9:59:38,-3.4053926,38.1353181,NA,NA,modern,flat,NA
236,MAKT_06,2,3,2022,10:00:11,-3.4052863,38.135585,NA,NA,modern,triangle,NA
237,MAKT_06,2,3,2022,10:01:36,-3.4053341,38.1359772,NA,NA,modern,flat,NA
238,MAKT_06,2,3,2022,10:07:40,-3.4059038,38.1366563,NA,NA,mud,triangle,NA
239,MAKT_06,2,3,2022,10:44:41,-3.405305,38.1341055,NA,NA,modern,triangle,NA
240,MAKT_06,2,3,2022,10:45:14,-3.4050943,38.1330165,NA,NA,modern,triangle,NA
241,MAKT_06,2,3,2022,10:47:28,-3.4063599,38.134068,NA,NA,modern,flat,NA
242,MAKT_06,2,3,2022,11:00:34,-3.4089532,38.1324959,NA,NA,modern,other_triangle/flat,NA
243,MAKT_06,2,3,2022,11:07:44,-3.411896,38.1373924,NA,NA,mud,triangle,NA
244,MAKT_04,22,2,2022,10:47:12,-3.4074078,38.1196839,NA,NA,modern,triangle,1
245,MAKT_04,2,3,2022,11:34:28,-3.4073948,38.1195493,NA,NA,modern,triangle,1
246,MAKT_04,2,3,2022,11:36:05,-3.407537,38.1196075,NA,NA,modern,triangle,1
247,MAKT_04,2,3,2022,11:37:39,-3.4075551,38.1194872,NA,NA,modern,triangle,1
248,MAKT_04,2,3,2022,11:41:29,-3.4075202,38.1190797,NA,NA,modern,triangle,1
249,MAKT_04,2,3,2022,11:42:34,-3.4075164,38.1190138,NA,NA,modern,triangle,1
250,MAKT_04,2,3,2022,12:09:54,-3.4043387,38.1194626,5,1,modern,triangle,1
251,MAKT_04,2,3,2022,11:59:01,-3.4034754,38.1187941,NA,NA,modern,triangle,1
252,MAKT_04,2,3,2022,12:36:47,-3.4044216,38.1223328,NA,NA,modern,flat,NA
253,MAKT_04,2,3,2022,12:37:08,-3.4043981,38.1219228,NA,NA,mud,triangle,NA
254,MAKT_04,2,3,2022,12:43:32,-3.4045495,38.1222806,NA,NA,modern,flat,NA
255,MAKT_04,2,3,2022,12:43:41,-3.4046748,38.1222519,NA,NA,modern,flat,NA
256,MAKT_04,2,3,2022,12:43:53,-3.4047792,38.122197,NA,NA,modern,flat,NA
257,MAKT_04,2,3,2022,12:44:10,-3.4041581,38.1222649,NA,NA,mud,triangle,NA
258,MAKT_04,2,3,2022,11:27:58,-3.4073057,38.1200798,0,0,modern,flat,0
259,MAKT_04,2,3,2022,11:30:14,-3.4073885,38.1200537,0,0,modern,flat,0
260,MAKT_04,2,3,2022,11:30:24,-3.4072796,38.1198434,0,0,other_not enclosed,triangle,0
261,MAKT_04,2,3,2022,11:38:21,-3.4072384,38.1191573,0,0,other_latrine,flat,0
262,MAKT_04,2,3,2022,11:53:45,-3.4046982,38.1198277,0,0,other_not enclosed,triangle,0
263,MAKT_04,2,3,2022,11:58:07,-3.403515,38.118907,0,0,modern,triangle,0
264,MAKT_04,2,3,2022,12:05:15,-3.4036376,38.1196584,0,0,other_iron,triangle,0
265,MAKT_04,2,3,2022,12:05:52,-3.4037695,38.1196273,0,0,other_iron,flat,0
266,MAKT_04,2,3,2022,12:06:25,-3.4038316,38.1196079,0,0,other_iron,flat,0
267,MAKT_04,2,3,2022,12:06:54,-3.4038032,38.1192609,0,0,other_iron,flat,0
268,MAKT_04,2,3,2022,12:08:23,-3.4037947,38.1192124,0,0,other_not enclosed,flat,0
269,MAKT_04,2,3,2022,12:08:57,-3.4038255,38.1192091,0,0,other_iron,flat,0
270,MAKT_04,2,3,2022,12:10:32,-3.4043891,38.1196839,0,0,modern,flat,0
271,MAKT_04,2,3,2022,12:26:36,-3.4052656,38.1202699,0,0,other_iron,flat,0
272,MAKT_04,2,3,2022,12:30:10,-3.4051092,38.1202854,0,0,modern,triangle,0
273,MAKT_04,2,3,2022,12:30:35,-3.4050523,38.1203035,0,0,modern,flat,0
274,MAKT_04,2,3,2022,12:30:57,-3.4051182,38.120297,0,0,other_latrine,flat,0
275,MAKT_04,2,3,2022,12:31:25,-3.405179,38.1202246,0,0,mud,triangle,0
276,MAKT_04,2,3,2022,12:32:16,-3.4050187,38.1205752,0,0,other_not enclosed,flat,0
277,MAKT_04,2,3,2022,12:34:16,-3.404976,38.1205855,0,0,other_not enclosed,flat,0
278,MAKT_04,2,3,2022,12:46:22,-3.406146,38.1212001,0,0,other_latrine,flat,0
279,MAKT_04,2,3,2022,12:47:45,-3.4061318,38.1212944,0,0,modern,other_triangle/flat,0
280,MAKT_04,2,3,2022,12:50:36,-3.4073431,38.1208817,0,0,other_latrine,flat,0
281,MAKT_04,2,3,2022,12:50:10,-3.4074075,38.1208569,NA,NA,modern,flat,NA
282,MAKT_05,2,2,2022,14:30:00,-3.3987262,38.1328055,2,4,modern,triangle,1
283,MAKT_05,28,2,2022,10:26:20,-3.3983216,38.1364975,2,0,modern,triangle,1
284,MAKT_05,28,2,2022,11:20:32,-3.395449,38.1302829,0,0,mud,triangle,0
285,MAKT_05,28,2,2022,11:20:57,-3.394703,38.1283464,0,0,mud,flat,0
286,MAKT_05,28,2,2022,12:26:00,-3.4008011,38.1289642,1,1,modern,triangle,1
287,MAKT_05,28,2,2022,13:42:53,-3.4034216,38.1295734,2,0,modern,triangle,1
288,MAKT_05,28,2,2022,14:30:01,-3.4028388,38.13074,NA,NA,modern,triangle,1
289,MAKT_05,28,2,2022,15:14:43,-3.4023516,38.1360529,NA,NA,modern,triangle,1
290,MAKT_05,28,2,2022,11:41:36,-3.3975596,38.1291414,NA,NA,modern,triangle,0
291,MAKT_05,28,2,2022,13:52:40,-3.4021964,38.1303984,NA,NA,modern,triangle,1
292,MAKT_05,28,2,2022,13:53:51,-3.4021724,38.1303372,NA,NA,mud,flat,1
293,MAKT_05,28,2,2022,13:54:20,-3.4022164,38.1303243,NA,NA,mud,flat,1
294,MAKT_05,28,2,2022,15:23:14,-3.4022939,38.1362672,NA,NA,modern,triangle,1
295,MAKT_05,28,2,2022,15:12:50,-3.4028907,38.1350757,NA,NA,modern,triangle,NA
296,MAKT_05,2,2,2022,14:30:00,-3.3990376,38.1327716,0,0,modern,flat,0
297,MAKT_05,28,2,2022,9:50:37,-3.39859,38.1323912,0,0,other_water storage,triangle,0
298,MAKT_05,28,2,2022,9:50:47,-3.3985793,38.1321848,0,0,other_water storage,triangle,0
299,MAKT_05,28,2,2022,9:51:22,-3.3983003,38.1322846,0,0,other_water storage,triangle,0
300,MAKT_05,28,2,2022,9:54:38,-3.3990971,38.1329236,0,0,other_water pump,flat,0
301,MAKT_05,28,2,2022,10:00:57,-3.398506,38.1334148,0,0,modern,triangle,1
302,MAKT_05,28,2,2022,10:03:44,-3.3989175,38.1336748,0,0,modern,triangle,0
303,MAKT_05,28,2,2022,10:04:28,-3.3986163,38.1335364,0,0,other_latrine,flat,0
304,MAKT_05,28,2,2022,10:08:50,-3.3995561,38.1342142,0,0,modern,triangle,1
305,MAKT_05,28,2,2022,10:11:13,-3.3995858,38.1341107,0,0,modern,triangle,1
306,MAKT_05,28,2,2022,10:15:31,-3.3996983,38.135046,0,0,mud,flat,0
307,MAKT_05,28,2,2022,10:20:00,-3.3999697,38.1357246,0,0,modern_mud,flat,0
308,MAKT_05,28,2,2022,10:23:33,-3.3989653,38.1357096,0,0,mud,flat,0
309,MAKT_05,28,2,2022,10:24:56,-3.398796,38.1357924,0,0,modern,triangle,0
310,MAKT_05,28,2,2022,10:26:48,-3.3983035,38.1365971,0,0,modern_mud,flat,0
311,MAKT_05,28,2,2022,10:32:50,-3.398266,38.1364108,0,0,other_latrine,flat,0
312,MAKT_05,28,2,2022,10:38:08,-3.397615,38.136798,0,0,modern,flat,0
313,MAKT_05,28,2,2022,10:41:43,-3.3974538,38.1358314,0,0,modern,triangle,0
314,MAKT_05,28,2,2022,10:42:34,-3.3972259,38.1357502,0,0,other_latrine,flat,0
315,MAKT_05,28,2,2022,10:47:07,-3.3957264,38.1358096,0,0,mud,triangle,0
316,MAKT_05,28,2,2022,10:51:33,-3.3953968,38.1365142,0,0,mud,flat,0
317,MAKT_05,28,2,2022,10:53:24,-3.3951358,38.1368708,0,0,modern,flat,0
322,MAKT_05,28,2,2022,11:06:46,-3.3959806,38.1340823,0,0,mud,triangle,0
323,MAKT_05,28,2,2022,11:07:25,-3.3960594,38.1340642,0,0,mud,triangle,0
324,MAKT_05,28,2,2022,11:07:51,-3.3958758,38.1340667,0,0,other_latrine,flat,0
325,MAKT_05,28,2,2022,11:14:14,-3.3962295,38.1323677,0,0,modern,triangle,0
326,MAKT_05,28,2,2022,11:15:45,-3.3960633,38.1323682,0,0,modern,triangle,0
327,MAKT_05,28,2,2022,11:16:59,-3.395948,38.13234,0,0,other_latrine,flat,0
328,MAKT_05,28,2,2022,11:17:15,-3.3959198,38.1324743,0,0,other_latrine,flat,0
329,MAKT_05,28,2,2022,11:21:28,-3.396932,38.1314653,0,0,mud,flat,0
330,MAKT_05,28,2,2022,11:22:03,-3.3969222,38.131417,0,0,mud,flat,0
331,MAKT_05,28,2,2022,11:22:17,-3.39691,38.1313618,0,0,other_latrine,flat,0
332,MAKT_05,28,2,2022,11:25:27,-3.3952189,38.1311617,0,0,modern,triangle,0
333,MAKT_05,28,2,2022,11:26:36,-3.3951545,38.1310927,0,0,other_latrine,flat,0
334,MAKT_05,28,2,2022,11:29:56,-3.3954906,38.1302855,0,0,mud,flat,0
335,MAKT_05,28,2,2022,11:31:16,-3.3953601,38.1302299,0,0,other_latrine,flat,0
336,MAKT_05,28,2,2022,11:35:22,-3.395548,38.128777,0,0,other_latrine,flat,0
337,MAKT_05,28,2,2022,11:35:52,-3.3956871,38.128825,0,0,mud,flat,0
338,MAKT_05,28,2,2022,11:39:57,-3.3975281,38.1289351,0,0,other_latrine,flat,0
339,MAKT_05,28,2,2022,11:47:30,-3.3985475,38.1288927,0,0,mud,flat,0
340,MAKT_05,28,2,2022,11:50:54,-3.3985077,38.1284033,0,0,other_latrine,flat,0
341,MAKT_05,28,2,2022,11:51:57,-3.3985426,38.1284835,0,0,mud,flat,0
342,MAKT_05,28,2,2022,11:53:58,-3.3984314,38.1282778,0,0,other_latrine,flat,0
343,MAKT_05,28,2,2022,11:57:52,-3.3994358,38.1291265,0,0,other_coup,flat,0
344,MAKT_05,28,2,2022,12:02:18,-3.3995851,38.1292014,0,0,modern,triangle,0
345,MAKT_05,28,2,2022,12:08:17,-3.3989343,38.1299918,0,0,modern,flat,0
346,MAKT_05,28,2,2022,12:09:23,-3.3989252,38.1300656,0,0,modern,flat,0
347,MAKT_05,28,2,2022,12:10:00,-3.3989162,38.1299052,0,0,other_latrine,flat,0
348,MAKT_05,28,2,2022,12:12:46,-3.3982595,38.1303722,0,0,other_latrine,flat,0
349,MAKT_05,28,2,2022,12:14:25,-3.3982337,38.1302984,0,0,other_coup,flat,0
350,MAKT_05,28,2,2022,12:15:04,-3.3982893,38.1302144,0,0,modern,triangle,0
351,MAKT_05,28,2,2022,12:16:02,-3.3982983,38.1302842,0,0,modern,triangle,0
352,MAKT_05,28,2,2022,12:16:33,-3.3982983,38.1302842,0,0,modern,triangle,0
353,MAKT_05,28,2,2022,12:17:12,-3.3978205,38.1300253,0,0,mud,other_no roof,0
354,MAKT_05,28,2,2022,12:20:52,-3.3994889,38.1307253,0,0,other_coup,flat,0
355,MAKT_05,28,2,2022,12:22:04,-3.3995031,38.1309051,0,0,modern,flat,0
356,MAKT_05,28,2,2022,12:23:13,-3.3994759,38.1308288,0,0,modern,flat,0
357,MAKT_05,28,2,2022,12:23:28,-3.3995186,38.1308637,0,0,modern,triangle,0
358,MAKT_05,28,2,2022,12:23:43,-3.3994759,38.1309207,0,0,modern,triangle,0
359,MAKT_05,28,2,2022,12:37:10,-3.4004842,38.1294071,0,0,mud,flat,0
360,MAKT_05,28,2,2022,12:37:58,-3.4005036,38.1293735,0,0,mud,flat,0
361,MAKT_05,28,2,2022,12:38:33,-3.4004519,38.1293903,0,0,other_latrine,flat,0
362,MAKT_05,28,2,2022,12:50:06,-3.3995509,38.1312674,0,0,other_latrine,flat,0
363,MAKT_05,28,2,2022,12:50:35,-3.3995419,38.1314071,0,0,modern,flat,0
364,MAKT_05,28,2,2022,12:50:52,-3.3995005,38.1311677,0,0,modern,flat,0
365,MAKT_05,28,2,2022,13:01:28,-3.3973295,38.1333686,0,0,other_not enclosed,other_no roof,0
366,MAKT_05,28,2,2022,13:12:47,-3.3963826,38.134993,0,0,mud,other_straw,0
367,MAKT_05,28,2,2022,13:13:29,-3.3963929,38.1350796,0,0,mud,flat,0
368,MAKT_05,28,2,2022,13:26:31,-3.4017943,38.1289917,0,0,mud,triangle,0
369,MAKT_05,28,2,2022,13:27:48,-3.4016768,38.1289281,0,0,other_latrine,flat,0
370,MAKT_05,28,2,2022,13:28:57,-3.4018282,38.1281899,0,0,mud,flat,0
371,MAKT_05,28,2,2022,13:33:28,-3.4024936,38.1286139,0,0,modern,flat,0
372,MAKT_05,28,2,2022,13:34:26,-3.4024955,38.1285794,0,0,modern,flat,0
373,MAKT_05,28,2,2022,13:38:27,-3.4028946,38.1280936,0,0,modern,flat,0
374,MAKT_05,28,2,2022,13:39:20,-3.4029718,38.1280638,0,0,modern,flat,0
375,MAKT_05,28,2,2022,13:40:57,-3.4034301,38.1294907,0,0,modern,triangle,0
376,MAKT_05,28,2,2022,13:56:50,-3.4008486,38.129675,0,0,modern_mud,flat,0
377,MAKT_05,28,2,2022,14:03:17,-3.4013181,38.1312556,0,0,mud,triangle,0
378,MAKT_05,28,2,2022,14:03:47,-3.4012733,38.1313222,0,0,mud,triangle,0
379,MAKT_05,28,2,2022,14:29:46,-3.4029289,38.13074,0,0,other_latrine,flat,0
380,MAKT_05,28,2,2022,14:37:32,-3.4020471,38.1310078,0,0,modern,triangle,0
381,MAKT_05,28,2,2022,14:43:42,-3.4028816,38.1313134,0,0,mud,flat,0
382,MAKT_05,28,2,2022,14:44:28,-3.4028162,38.1312544,0,0,other_latrine,flat,0
383,MAKT_05,28,2,2022,14:45:02,-3.4025421,38.131746,0,0,modern,triangle,0
384,MAKT_05,28,2,2022,14:49:12,-3.4024803,38.1317996,0,0,other_coup,flat,0
388,MAKT_05,28,2,2022,15:02:22,-3.4033564,38.133507,0,0,modern,flat,0
389,MAKT_05,28,2,2022,15:03:51,-3.40331,38.1334781,0,0,modern,flat,0
390,MAKT_05,28,2,2022,15:04:25,-3.4029528,38.133393,0,0,other_greenhouse,other_round,0
391,MAKT_05,28,2,2022,15:23:53,-3.402365,38.1363202,0,0,modern,triangle,1
392,MAKT_05,28,2,2022,15:24:30,-3.4024142,38.1362801,0,0,modern,triangle,1
393,MAKT_05,28,2,2022,15:26:28,-3.4023392,38.1361469,0,0,other_latrine,flat,0
394,MAKT_05,28,2,2022,15:30:30,-3.4028386,38.1368329,0,0,mud,flat,0
395,MAKT_05,28,2,2022,15:32:31,-3.4028287,38.1369668,0,0,modern,triangle,0
396,MAKT_05,28,2,2022,15:35:04,-3.4016502,38.1369808,0,0,modern,triangle,0
398,MAKT_05,28,2,2022,15:44:34,-3.4005553,38.1370861,0,0,mud,flat,0
399,MAKT_05,28,2,2022,15:45:16,-3.4005631,38.1369787,0,0,modern,flat,0
400,MAKT_05,28,2,2022,15:45:35,-3.4004907,38.1369632,0,0,mud,other_straw,0
401,MAKT_05,28,2,2022,15:48:00,-3.4006626,38.1365175,0,0,modern,flat,0
402,MAKT_05,28,2,2022,15:51:17,-3.4006777,38.1360778,0,0,other_not enclosed,NA,0
403,MAKT_05,28,2,2022,15:53:47,-3.4011917,38.1366024,0,0,mud,flat,0
404,MAKT_05,28,2,2022,15:54:45,-3.4011784,38.1366307,0,0,mud,flat,0
405,MAKT_05,28,2,2022,16:00:34,-3.4012444,38.135294,0,0,modern,flat,0
406,MAKT_05,28,2,2022,16:01:51,-3.40126,38.1351829,0,0,other_latrine,flat,0
407,MAKT_05,28,2,2022,16:07:11,-3.4003354,38.1345797,0,0,mud,other_straw,NA
408,MAKT_05,28,2,2022,16:07:43,-3.4002555,38.1346236,0,0,mud,flat,0
409,MAKT_05,28,2,2022,16:23:30,-3.3999633,38.1329555,0,0,mud,other_straw,0
410,MAKT_05,28,2,2022,16:24:01,-3.4000602,38.1330021,0,0,modern_mud,triangle,1
411,MAKT_05,28,2,2022,16:26:50,-3.3990586,38.1331843,0,0,other_iron,flat,0
412,MAKT_05,28,2,2022,16:27:50,-3.399057,38.1332396,0,0,other_iron,flat,0
415,MAKT_05,28,2,2022,10:05:34,-3.3985426,38.1336981,NA,NA,mud,triangle,NA
416,MAKT_05,28,2,2022,10:21:40,-3.3993409,38.1355016,NA,NA,modern,triangle,NA
417,MAKT_05,28,2,2022,10:29:11,-3.3991877,38.1364871,NA,NA,modern,triangle,NA
418,MAKT_05,28,2,2022,10:35:08,-3.3972874,38.1364056,NA,NA,mud,flat,NA
419,MAKT_05,28,2,2022,10:35:45,-3.39729,38.1363073,NA,NA,modern,triangle,NA
420,MAKT_05,28,2,2022,12:53:43,-3.3981388,38.131211,NA,NA,modern,triangle,NA
421,MAKT_05,28,2,2022,13:25:06,-3.4018857,38.1295787,NA,NA,modern,triangle,NA
422,MAKT_05,28,2,2022,14:52:19,-3.4026313,38.1322505,NA,NA,modern,triangle,0
423,MAKT_05,28,2,2022,14:53:36,-3.4026804,38.1323501,NA,NA,mud,flat,0
424,MAKT_05,28,2,2022,15:05:21,-3.4030201,38.1330053,NA,NA,modern,triangle,NA
425,MAKT_05,28,2,2022,15:06:55,-3.4033126,38.1327317,NA,NA,modern,triangle,NA
426,MAKT_05,28,2,2022,15:07:54,-3.4029131,38.1328417,NA,NA,modern,triangle,NA
427,MAKT_05,28,2,2022,15:08:07,-3.4028601,38.1331392,NA,NA,modern,triangle,NA
428,MAKT_05,28,2,2022,15:56:21,-3.401474,38.136132,NA,NA,modern,flat,NA
429,MAKT_05,28,2,2022,15:57:57,-3.4013761,38.1359968,NA,NA,modern,triangle,NA
430,MAKT_05,28,2,2022,15:59:53,-3.4013555,38.1361831,NA,NA,modern,triangle,NA
431,MAKT_05,28,2,2022,16:02:33,-3.4008037,38.1352854,NA,NA,modern,triangle,0
432,MAKT_05,28,2,2022,13:02:07,-3.397325,38.1334879,NA,NA,modern,triangle,0
433,MAKT_05,28,2,2022,15:12:41,-3.4025267,38.1350441,NA,NA,modern,triangle,1
434,MAKT_05,28,2,2022,15:13:04,-3.4024871,38.1353424,NA,NA,modern,triangle,NA
435,MTOM_01,3,3,2022,9:49:13,-3.45362,38.4885704,0,0,other_latrine,flat,0
436,MTOM_01,3,3,2022,11:18:33,-3.4562953,38.484096,NA,NA,modern,triangle,1
437,MTOM_01,3,3,2022,11:19:23,-3.4563108,38.4841361,0,0,other_latrine,flat,0
438,MTOM_01,3,3,2022,11:37:22,-3.4562306,38.482244,0,0,other_latrine,flat,0
439,MTOM_01,3,3,2022,11:37:58,-3.4561724,38.4822311,0,0,other_latrine,flat,0
440,MTOM_01,3,3,2022,11:41:59,-3.4577138,38.4817821,NA,NA,modern,triangle,1
441,MTOM_01,3,3,2022,12:41:23,-3.452887,38.4813963,0,0,other_latrine,flat,0
442,MTOM_01,3,3,2022,11:49:03,-3.4588733,38.4818113,NA,NA,modern_mud,triangle,1
443,MTOM_01,3,3,2022,9:44:01,-3.4535357,38.4884566,0,0,modern,flat,0
444,MTOM_01,3,3,2022,9:45:37,-3.4536832,38.4885017,0,0,modern,triangle,0
445,MTOM_01,3,3,2022,9:56:38,-3.4539027,38.4845858,0,0,other_latrine,flat,0
446,MTOM_01,3,3,2022,9:58:52,-3.4539347,38.4846499,0,0,modern,triangle,0
447,MTOM_01,3,3,2022,9:59:39,-3.4539114,38.4847068,0,0,modern,triangle,0
448,MTOM_01,3,3,2022,9:59:50,-3.4538454,38.4846576,0,0,modern,flat,0
449,MTOM_01,3,3,2022,10:01:25,-3.453698,38.4847612,0,0,modern,flat,0
450,MTOM_01,3,3,2022,10:01:43,-3.4536049,38.4847961,0,0,modern,flat,0
451,MTOM_01,3,3,2022,10:02:47,-3.4533513,38.4848311,0,0,modern,triangle,0
452,MTOM_01,3,3,2022,10:08:03,-3.453156,38.4843483,0,0,other_latrine,flat,0
453,MTOM_01,3,3,2022,10:08:22,-3.4532401,38.4844143,0,0,modern,flat,0
454,MTOM_01,3,3,2022,10:09:58,-3.4531496,38.4845218,0,0,modern,flat,0
455,MTOM_01,3,3,2022,10:10:13,-3.4531806,38.4845567,0,0,modern,flat,0
456,MTOM_01,3,3,2022,10:12:33,-3.4543848,38.4855726,0,0,modern,triangle,0
457,MTOM_01,3,3,2022,10:13:08,-3.4543963,38.4856391,0,0,other_latrine,flat,0
458,MTOM_01,3,3,2022,10:20:29,-3.4580854,38.4828355,0,0,modern,flat,0
459,MTOM_01,3,3,2022,10:21:06,-3.4579742,38.4828704,0,0,modern,flat,0
460,MTOM_01,3,3,2022,10:21:53,-3.4585485,38.4827746,0,0,other_latrine,flat,0
461,MTOM_01,3,3,2022,10:26:03,-3.4581216,38.4832302,0,0,mud,flat,0
462,MTOM_01,3,3,2022,10:26:31,-3.4581591,38.4832431,0,0,mud,flat,0
463,MTOM_01,3,3,2022,10:29:33,-3.4581149,38.4831836,0,0,other_latrine,flat,0
464,MTOM_01,3,3,2022,10:33:37,-3.4589564,38.4839002,0,0,mud,flat,0
465,MTOM_01,3,3,2022,10:35:50,-3.4590705,38.4835958,0,0,mud,triangle,0
466,MTOM_01,3,3,2022,10:36:11,-3.4590098,38.4836728,0,0,mud,triangle,0
467,MTOM_01,3,3,2022,10:36:27,-3.4590597,38.4836917,0,0,mud,flat,0
468,MTOM_01,3,3,2022,10:37:12,-3.4589049,38.4835995,0,0,other_latrine,flat,0
469,MTOM_01,3,3,2022,10:38:56,-3.458827,38.484167,0,0,other_latrine,flat,0
470,MTOM_01,3,3,2022,10:40:13,-3.4587399,38.4841296,0,0,mud,triangle,0
471,MTOM_01,3,3,2022,10:43:14,-3.4585821,38.4845683,0,0,other_latrine,flat,0
472,MTOM_01,3,3,2022,10:45:17,-3.4589709,38.485287,0,0,mud,flat,0
473,MTOM_01,3,3,2022,10:46:15,-3.4589584,38.4855571,0,0,mud,flat,0
474,MTOM_01,3,3,2022,10:48:03,-3.4591268,38.4857144,0,0,mud,flat,0
475,MTOM_01,3,3,2022,10:48:45,-3.4587615,38.4857939,0,0,mud,flat,0
476,MTOM_01,3,3,2022,10:49:35,-3.458698,38.4857399,0,0,other_latrine,flat,0
477,MTOM_01,3,3,2022,10:49:54,-3.4587901,38.4858956,0,0,other_coup,flat,0
478,MTOM_01,3,3,2022,10:55:40,-3.4580802,38.4858392,0,0,mud,flat,0
479,MTOM_01,3,3,2022,10:56:09,-3.4581307,38.4857771,0,0,mud,flat,0
480,MTOM_01,3,3,2022,10:56:28,-3.458088,38.485768,0,0,other_latrine,flat,0
481,MTOM_01,3,3,2022,11:09:26,-3.4576728,38.4830516,0,0,mud,flat,0
482,MTOM_01,3,3,2022,11:10:04,-3.457881,38.4829429,0,0,mud,flat,0
483,MTOM_01,3,3,2022,11:12:05,-3.4573171,38.4832871,0,0,mud,flat,0
484,MTOM_01,3,3,2022,11:13:18,-3.4573662,38.4832677,0,0,mud,flat,0
485,MTOM_01,3,3,2022,11:13:47,-3.4573494,38.4833648,0,0,other_latrine,flat,0
486,MTOM_01,3,3,2022,11:15:02,-3.4572343,38.4833932,0,0,other_latrine,flat,0
487,MTOM_01,3,3,2022,11:15:50,-3.4569058,38.4835395,0,0,mud,flat,0
488,MTOM_01,3,3,2022,11:16:17,-3.4568204,38.4835058,0,0,modern,flat,0
489,MTOM_01,3,3,2022,11:17:06,-3.45677,38.4835408,0,0,other_latrine,flat,0
490,MTOM_01,3,3,2022,11:17:32,-3.4566057,38.4836805,0,0,modern,flat,0
491,MTOM_01,3,3,2022,11:25:56,-3.4562991,38.4839006,0,0,modern,flat,0
492,MTOM_01,3,3,2022,11:26:25,-3.4563056,38.4839355,0,0,other_latrine,flat,0
493,MTOM_01,3,3,2022,11:26:43,-3.456413,38.4838721,0,0,other_latrine,flat,0
494,MTOM_01,3,3,2022,11:27:12,-3.4563651,38.4838151,0,0,modern_mud,flat,0
495,MTOM_01,3,3,2022,11:27:55,-3.4565048,38.4837414,0,0,modern_mud,flat,0
496,MTOM_01,3,3,2022,11:29:18,-3.4564078,38.4830399,0,0,modern_mud,flat,0
497,MTOM_01,3,3,2022,11:30:06,-3.4563897,38.4831344,0,0,mud,flat,0
498,MTOM_01,3,3,2022,11:32:23,-3.456713,38.4826083,0,0,mud,flat,0
499,MTOM_01,3,3,2022,11:33:09,-3.456786,38.4826784,0,0,mud,flat,0
500,MTOM_01,3,3,2022,11:34:26,-3.456757,38.4825753,0,0,other_latrine,flat,0
501,MTOM_01,3,3,2022,11:35:38,-3.4563263,38.4822854,0,0,modern_mud,flat,0
502,MTOM_01,3,3,2022,11:36:16,-3.4562552,38.4822829,0,0,modern_mud,flat,0
503,MTOM_01,3,3,2022,11:36:51,-3.4563134,38.4822803,0,0,other_iron,flat,0
504,MTOM_01,3,3,2022,11:38:19,-3.4562784,38.4823074,0,0,mud,flat,0
505,MTOM_01,3,3,2022,11:48:36,-3.4587979,38.4816244,0,0,other_latrine,flat,0
506,MTOM_01,3,3,2022,11:58:41,-3.456132,38.4813119,0,0,mud,flat,0
507,MTOM_01,3,3,2022,12:01:09,-3.4561245,38.4812126,0,0,mud,triangle,0
508,MTOM_01,3,3,2022,12:05:55,-3.4558331,38.4801802,0,0,other_coup,flat,0
509,MTOM_01,3,3,2022,12:06:39,-3.4558478,38.480138,0,0,mud,flat,0
510,MTOM_01,3,3,2022,12:08:04,-3.4558231,38.4798485,0,0,mud,triangle,0
511,MTOM_01,3,3,2022,12:08:52,-3.4555489,38.4798679,0,0,mud,flat,0
512,MTOM_01,3,3,2022,12:09:18,-3.4555994,38.4799301,0,0,other_latrine,flat,0
513,MTOM_01,3,3,2022,12:09:37,-3.4557662,38.4797877,0,0,other_latrine,flat,0
514,MTOM_01,3,3,2022,12:10:02,-3.4560989,38.4797955,0,0,mud,flat,0
515,MTOM_01,3,3,2022,12:11:21,-3.4561323,38.4797903,0,0,other_latrine,flat,0
516,MTOM_01,3,3,2022,12:14:58,-3.4551802,38.4820707,0,0,other_latrine,flat,0
517,MTOM_01,3,3,2022,12:15:36,-3.4551635,38.4821961,0,0,modern_mud,other_triangle/flat,0
518,MTOM_01,3,3,2022,12:17:04,-3.455559,38.482165,0,0,mud,flat,0
519,MTOM_01,3,3,2022,12:19:47,-3.4548516,38.481654,0,0,modern_mud,flat,0
520,MTOM_01,3,3,2022,12:20:27,-3.4548205,38.481684,0,0,other_latrine,flat,0
521,MTOM_01,3,3,2022,12:22:58,-3.4541353,38.4821119,0,0,mud,flat,0
522,MTOM_01,3,3,2022,12:27:10,-3.4538105,38.4815788,0,0,mud,flat,0
523,MTOM_01,3,3,2022,12:30:09,-3.453665,38.4806151,0,0,modern_mud,triangle,0
524,MTOM_01,3,3,2022,12:32:41,-3.4537581,38.4806137,0,0,modern_mud,triangle,0
525,MTOM_01,3,3,2022,12:33:12,-3.4537499,38.4805205,0,0,modern_mud,triangle,0
526,MTOM_01,3,3,2022,12:33:27,-3.4537157,38.4804478,0,0,other_coup,flat,0
527,MTOM_01,3,3,2022,12:33:49,-3.4539678,38.4804039,0,0,mud,triangle,0
528,MTOM_01,3,3,2022,12:34:17,-3.4539554,38.4803669,0,0,other_latrine,flat,0
529,MTOM_01,3,3,2022,12:37:14,-3.4534409,38.4816728,0,0,other_latrine,flat,0
530,MTOM_01,3,3,2022,12:37:42,-3.4532815,38.4816539,0,0,other_not enclosed,triangle,0
531,MTOM_01,3,3,2022,12:39:07,-3.4530344,38.4815685,0,0,modern_mud,flat,0
532,MTOM_01,3,3,2022,12:40:06,-3.4529879,38.4814546,0,0,mud,triangle,0
533,MTOM_01,3,3,2022,12:44:57,-3.4521994,38.4822677,0,0,mud,triangle,0
534,MTOM_01,3,3,2022,12:46:48,-3.4521601,38.4822725,0,0,mud,triangle,0
535,MTOM_01,3,3,2022,12:51:15,-3.4561943,38.4834421,0,0,other_iron,flat,0
536,MTOM_01,3,3,2022,12:58:37,-3.4561653,38.4870881,0,0,other_latrine,flat,0
537,MTOM_01,3,3,2022,13:07:04,-3.4571858,38.4863589,0,0,mud,other_triangle/flat,0
538,MTOM_01,3,3,2022,13:07:41,-3.4570828,38.4863888,0,0,other_latrine,flat,0
539,MTOM_01,3,3,2022,10:03:59,-3.4530732,38.4848103,NA,NA,modern,triangle,NA
540,MTOM_01,3,3,2022,10:07:15,-3.4531547,38.484778,NA,NA,modern,flat,NA
541,MTOM_01,3,3,2022,10:22:31,-3.4584447,38.4827621,NA,NA,modern,flat,NA
542,MTOM_01,3,3,2022,10:23:00,-3.4585071,38.4826544,NA,NA,modern,flat,NA
543,MTOM_01,3,3,2022,10:24:11,-3.4583544,38.4831875,NA,NA,modern,flat,NA
544,MTOM_01,3,3,2022,10:40:43,-3.4584476,38.4842759,NA,NA,mud,triangle,NA
545,MTOM_01,3,3,2022,10:42:26,-3.4585218,38.4845667,NA,NA,modern_mud,flat,NA
546,MTOM_01,3,3,2022,11:14:36,-3.4571774,38.4832936,NA,NA,mud,flat,0
547,MTOM_01,3,3,2022,11:39:27,-3.4565565,38.4825947,NA,NA,modern_mud,triangle,NA
548,MTOM_01,3,3,2022,12:57:38,-3.4561257,38.4871602,NA,NA,mud,triangle,0
549,TSAN_01,2,3,2022,13:27:46,-3.5175052,38.2503943,3,0,modern,triangle,1
550,TSAN_01,2,3,2022,13:30:41,-3.5177317,38.2504357,4,0,modern,triangle,1
551,TSAN_01,2,3,2022,13:35:32,-3.5170729,38.2500121,0,0,modern,triangle,0
552,TSAN_01,2,3,2022,13:37:11,-3.5171117,38.250165,0,0,modern,triangle,0
553,TSAN_01,2,3,2022,13:38:06,-3.5171635,38.2501585,0,0,modern,triangle,0
554,TSAN_01,2,3,2022,13:43:14,-3.5170742,38.249911,0,0,modern,triangle,0
555,TSAN_01,2,3,2022,13:44:51,-3.5170897,38.2498048,0,0,modern,triangle,0
556,TSAN_01,2,3,2022,13:45:13,-3.5170794,38.2496467,0,0,modern,triangle,0
557,TSAN_01,2,3,2022,13:45:29,-3.5172839,38.2496169,0,0,modern,triangle,0
558,TSAN_01,2,3,2022,13:47:12,-3.5172347,38.24974,0,0,modern,triangle,0
559,TSAN_01,2,3,2022,13:49:57,-3.5172386,38.2498139,0,0,modern,triangle,0
560,TSAN_01,2,3,2022,13:51:38,-3.5173201,38.2499473,0,0,modern,triangle,0
561,TSAN_01,2,3,2022,13:54:38,-3.5173732,38.2501222,0,0,modern,triangle,0
562,TSAN_01,2,3,2022,14:01:00,-3.518071,38.249874,NA,NA,modern,triangle,1
563,TSAN_01,2,3,2022,14:03:50,-3.518241,38.249362,NA,NA,modern,triangle,1
564,TSAN_01,2,3,2022,14:05:36,-3.518513,38.249423,NA,NA,modern,triangle,1
565,TSAN_01,2,3,2022,14:07:12,-3.5188915,38.2496856,NA,NA,modern,triangle,1
566,TSAN_01,2,3,2022,14:08:01,-3.5189407,38.2498968,NA,NA,modern,triangle,1
567,TSAN_01,2,3,2022,14:11:24,-3.5193138,38.2499005,NA,NA,modern,triangle,1
568,TSAN_01,2,3,2022,14:12:22,-3.5196525,38.2499584,NA,NA,modern,triangle,1
569,TSAN_01,2,3,2022,14:12:45,-3.5194887,38.2498867,NA,NA,modern,triangle,1
570,TSAN_01,2,3,2022,14:17:12,-3.5185822,38.2505212,NA,NA,modern,triangle,0
571,TSAN_01,2,3,2022,13:56:20,-3.5176449,38.2501343,0,0,modern,triangle,0
572,TSAN_01,2,3,2022,13:58:40,-3.5177499,38.2499201,NA,NA,modern,triangle,1
575,TSAN_01,2,3,2022,13:33:20,-3.5175997,38.2505432,0,0,modern,triangle,0
576,TSAN_01,2,3,2022,14:13:35,-3.5194391,38.2500617,0,0,modern,triangle,0
577,TSAN_01,2,3,2022,14:00:00,-3.517119,38.249747,0,0,modern,triangle,0
578,TSAN_01,2,3,2022,14:00:00,-3.517114,38.249945,0,0,modern,triangle,0
579,TSAN_01,2,3,2022,14:00:00,-3.517044,38.250064,0,0,modern,triangle,0
580,TSAN_01,2,3,2022,14:00:00,-3.517284,38.2501,0,0,modern,triangle,0
581,TSAN_01,2,3,2022,14:00:00,-3.517351,38.25007,0,0,modern,triangle,0
582,TSAN_01,2,3,2022,14:00:00,-3.517288,38.249995,0,0,modern,triangle,0
583,TSAN_01,2,3,2022,14:00:00,-3.517353,38.249884,0,0,modern,triangle,0
584,TSAN_01,2,3,2022,14:00:00,-3.517335,38.249823,0,0,modern,triangle,0
585,TSAN_01,2,3,2022,14:00:00,-3.517291,38.249773,0,0,modern,triangle,0
586,TSAN_01,2,3,2022,14:00:00,-3.517276,38.249662,0,0,modern,triangle,0
587,TSAN_01,2,3,2022,14:00:00,-3.517185,38.24992,0,0,modern,triangle,0
588,TSAN_01,2,3,2022,14:00:00,-3.517966,38.250591,0,0,modern,triangle,0
589,TSAN_01,2,3,2022,14:00:00,-3.517623,38.250221,0,0,modern,triangle,0
590,TSAN_01,2,3,2022,14:00:00,-3.517687,38.250094,0,0,modern,triangle,0
591,TSAN_01,2,3,2022,14:00:00,-3.517694,38.250257,0,0,modern,triangle,0
592,TSAN_01,2,3,2022,14:00:00,-3.517735,38.250316,0,0,modern,triangle,0
593,TSAN_01,2,3,2022,14:00:00,-3.517813,38.25035,0,0,modern,triangle,0
594,TSAN_01,2,3,2022,14:00:00,-3.517935,38.250328,0,0,modern,triangle,0
595,TSAN_01,2,3,2022,14:00:00,-3.517875,38.249984,0,0,modern,triangle,0
596,TSAN_01,2,3,2022,14:00:00,-3.517875,38.249881,0,0,modern,triangle,0
597,TSAN_01,2,3,2022,14:00:00,-3.517844,38.249774,0,0,modern,triangle,0
598,TSAN_01,2,3,2022,14:00:00,-3.517954,38.249786,0,0,modern,triangle,0
599,TSAN_01,2,3,2022,14:00:00,-3.517961,38.249929,0,0,modern,triangle,0
600,TSAN_01,2,3,2022,14:00:00,-3.51798,38.250058,0,0,modern,triangle,0
601,TSAN_01,2,3,2022,14:00:00,-3.518185,38.249994,0,0,modern,triangle,0
602,TSAN_01,2,3,2022,14:00:00,-3.5183,38.250111,0,0,modern,triangle,0
603,TSAN_01,2,3,2022,14:00:00,-3.518393,38.250178,0,0,modern,triangle,0
604,TSAN_01,2,3,2022,14:00:00,-3.518357,38.250247,0,0,modern,triangle,0
605,TSAN_01,2,3,2022,14:00:00,-3.51819,38.250245,0,0,modern,triangle,0
606,TSAN_01,2,3,2022,14:00:00,-3.518176,38.250178,0,0,modern,triangle,0
607,TSAN_01,2,3,2022,14:00:00,-3.517778,38.24936,0,0,modern,triangle,0
608,TSAN_01,2,3,2022,14:00:00,-3.517721,38.249449,0,0,modern,triangle,0
609,TSAN_01,2,3,2022,14:00:00,-3.51777,38.249522,0,0,modern,triangle,0
610,TSAN_01,2,3,2022,14:00:00,-3.517853,38.249564,0,0,modern,triangle,0
611,TSAN_01,2,3,2022,14:00:00,-3.517851,38.249445,0,0,modern,triangle,0
612,TSAN_01,2,3,2022,14:00:00,-3.517772,38.249063,0,0,modern,triangle,0
613,TSAN_01,2,3,2022,14:00:00,-3.518001,38.249507,0,0,modern,triangle,0
614,TSAN_01,2,3,2022,14:00:00,-3.51792,38.24918,0,0,modern,triangle,0
615,TSAN_01,2,3,2022,14:00:00,-3.518021,38.249065,0,0,modern,triangle,0
616,TSAN_01,2,3,2022,14:00:00,-3.518041,38.249194,0,0,modern,triangle,0
617,TSAN_01,2,3,2022,14:00:00,-3.518013,38.249301,0,0,modern,triangle,0
618,TSAN_01,2,3,2022,14:00:00,-3.518138,38.249305,0,0,modern,triangle,0
619,TSAN_01,2,3,2022,14:00:00,-3.518158,38.249473,0,0,modern,triangle,0
620,TSAN_01,2,3,2022,14:00:00,-3.518187,38.249566,0,0,modern,triangle,0
621,TSAN_01,2,3,2022,14:00:00,-3.518124,38.248936,0,0,modern,triangle,0
622,TSAN_01,2,3,2022,14:00:00,-3.518168,38.249006,0,0,modern,triangle,0
623,TSAN_01,2,3,2022,14:00:00,-3.518164,38.249095,0,0,modern,triangle,0
624,TSAN_01,2,3,2022,14:00:00,-3.518276,38.249008,0,0,modern,triangle,0
625,TSAN_01,2,3,2022,14:00:00,-3.518276,38.249081,0,0,modern,triangle,0
626,TSAN_01,2,3,2022,14:00:00,-3.518278,38.249182,0,0,modern,triangle,0
627,TSAN_01,2,3,2022,14:00:00,-3.518318,38.249316,0,0,modern,triangle,0
628,TSAN_01,2,3,2022,14:00:00,-3.518434,38.249283,0,0,modern,triangle,0
629,TSAN_01,2,3,2022,14:00:00,-3.518452,38.249358,0,0,modern,triangle,0
630,TSAN_01,2,3,2022,14:00:00,-3.518539,38.249293,0,0,modern,triangle,0
631,TSAN_01,2,3,2022,14:00:00,-3.51863,38.249332,0,0,modern,triangle,0
632,TSAN_01,2,3,2022,14:00:00,-3.518559,38.249565,0,0,modern,triangle,0
633,TSAN_01,2,3,2022,14:00:00,-3.518654,38.249537,0,0,modern,triangle,0
634,TSAN_01,2,3,2022,14:00:00,-3.518706,38.249477,0,0,modern,triangle,0
635,TSAN_01,2,3,2022,14:00:00,-3.518781,38.249551,0,0,modern,triangle,0
636,TSAN_01,2,3,2022,14:00:00,-3.518848,38.249626,0,0,modern,triangle,0
637,TSAN_01,2,3,2022,14:00:00,-3.519012,38.249674,0,0,modern,triangle,0
638,TSAN_01,2,3,2022,14:00:00,-3.518919,38.249668,0,0,modern,triangle,0
639,TSAN_01,2,3,2022,14:00:00,-3.518894,38.249759,0,0,modern,triangle,0
640,TSAN_01,2,3,2022,14:00:00,-3.518906,38.249813,0,0,modern,triangle,0
641,TSAN_01,2,3,2022,14:00:00,-3.518772,38.249741,0,0,modern,triangle,0
642,TSAN_01,2,3,2022,14:00:00,-3.51879,38.24986,0,0,modern,triangle,0
643,TSAN_01,2,3,2022,14:00:00,-3.51877,38.249741,0,0,modern,triangle,0
644,TSAN_01,2,3,2022,14:00:00,-3.518698,38.24981,0,0,modern,triangle,0
645,TSAN_01,2,3,2022,14:00:00,-3.518721,38.249905,0,0,modern,triangle,0
646,TSAN_01,2,3,2022,14:00:00,-3.518724,38.24998,0,0,modern,triangle,0
647,TSAN_01,2,3,2022,14:00:00,-3.518581,38.249839,0,0,modern,triangle,0
648,TSAN_01,2,3,2022,14:00:00,-3.51857,38.250015,0,0,modern,triangle,0
649,TSAN_01,2,3,2022,14:00:00,-3.518919,38.249437,0,0,modern,triangle,0
650,TSAN_01,2,3,2022,14:00:00,-3.519073,38.249839,0,0,modern,triangle,0
651,TSAN_01,2,3,2022,14:00:00,-3.518534,38.250159,0,0,modern,triangle,0
652,TSAN_01,2,3,2022,14:00:00,-3.516357,38.251253,0,0,modern,triangle,0
653,MAKT_06,NA,NA,NA,NA,-3.40498208,38.12884663,NA,NA,modern,triangle,NA
654,MAKT_06,NA,NA,NA,NA,-3.40500575,38.12908961,NA,NA,modern,triangle,NA
655,MAKT_06,NA,NA,NA,NA,-3.40627425,38.12999176,NA,NA,modern,triangle,NA
656,MAKT_06,NA,NA,NA,NA,-3.4062892,38.13009144,NA,NA,modern,triangle,NA
657,MAKT_06,NA,NA,NA,NA,-3.40587052,38.13065467,NA,NA,modern,triangle,NA
658,MAKT_06,NA,NA,NA,NA,-3.40578828,38.13129016,NA,NA,modern,triangle,NA
659,MAKT_06,NA,NA,NA,NA,-3.40608235,38.13114811,NA,NA,modern,flat,NA
660,MAKT_06,NA,NA,NA,NA,-3.40590043,38.13153937,NA,NA,modern,flat,NA
661,MAKT_06,NA,NA,NA,NA,-3.40580074,38.13162411,NA,NA,modern,flat,NA
662,MAKT_06,NA,NA,NA,NA,-3.40612223,38.13149701,NA,NA,modern,flat,NA
663,MAKT_06,NA,NA,NA,NA,-3.40617706,38.13183843,NA,NA,modern,flat,NA
664,MAKT_06,NA,NA,NA,NA,-3.40561383,38.13180852,NA,NA,modern,flat,NA
665,MAKT_06,NA,NA,NA,NA,-3.40631163,38.13230695,NA,NA,modern,triangle,NA
666,MAKT_06,NA,NA,NA,NA,-3.4062568,38.13239168,NA,NA,modern,flat,NA
667,MAKT_06,NA,NA,NA,NA,-3.40562879,38.13265086,NA,NA,modern,flat,NA
668,MAKT_06,NA,NA,NA,NA,-3.40562879,38.13280039,NA,NA,modern,triangle,NA
669,MAKT_06,NA,NA,NA,NA,-3.40545932,38.1328303,NA,NA,modern,triangle,NA
670,MAKT_06,NA,NA,NA,NA,-3.40607239,38.13291503,NA,NA,modern,triangle,NA
671,MAKT_06,NA,NA,NA,NA,-3.40563377,38.13301471,NA,NA,modern,flat,NA
672,MAKT_06,NA,NA,NA,NA,-3.40620696,38.13344336,NA,NA,modern,flat,NA
673,MAKT_06,NA,NA,NA,NA,-3.40644621,38.13349819,NA,NA,modern,triangle,NA
674,MAKT_06,NA,NA,NA,NA,-3.40617207,38.13363775,NA,NA,modern,flat,NA
675,MAKT_06,NA,NA,NA,NA,-3.40647113,38.13366765,NA,NA,modern,triangle,NA
676,MAKT_06,NA,NA,NA,NA,-3.40593283,38.13401655,NA,NA,modern,flat,NA
677,MAKT_06,NA,NA,NA,NA,-3.40586803,38.13407138,NA,NA,modern,flat,NA
678,MAKT_06,NA,NA,NA,NA,-3.40601257,38.13410128,NA,NA,modern,flat,NA
679,MAKT_06,NA,NA,NA,NA,-3.40615712,38.13434053,NA,NA,modern,triangle,NA
680,MAKT_06,NA,NA,NA,NA,-3.40560387,38.13638657,NA,NA,modern,triangle,NA
681,MAKT_06,NA,NA,NA,NA,-3.40880376,38.13772983,NA,NA,mud,flat,NA
682,MAKT_06,NA,NA,NA,NA,-3.40865174,38.13771986,NA,NA,modern,flat,NA
683,MAKT_06,NA,NA,NA,NA,-3.40846234,38.13679029,NA,NA,modern,flat,NA
684,MAKT_06,NA,NA,NA,NA,-3.40826297,38.13684761,NA,NA,modern,flat,NA
685,MAKT_06,NA,NA,NA,NA,-3.40822309,38.13695976,NA,NA,modern,flat,NA
686,MAKT_06,NA,NA,NA,NA,-3.40838758,38.13702954,NA,NA,modern,flat,NA
687,MAKT_06,NA,NA,NA,NA,-3.40836265,38.13720648,NA,NA,modern,triangle,NA
688,MAKT_06,NA,NA,NA,NA,-3.40812092,38.13728872,NA,NA,modern,triangle,NA
689,MAKT_06,NA,NA,NA,NA,-3.40818073,38.13747064,NA,NA,modern,triangle,NA
690,MAKT_06,NA,NA,NA,NA,-3.40814584,38.13763762,NA,NA,modern,flat,NA
691,MAKT_06,NA,NA,NA,NA,-3.40731347,38.13752547,NA,NA,modern,triangle,NA
692,MAKT_06,NA,NA,NA,NA,-3.40896824,38.13567133,NA,NA,modern,flat,NA
693,MSOR_01,29,3,2022,9:28:36,-3.440818394,38.22751267,4,1,modern,triangle,1
694,MSOR_01,29,3,2022,10:09:57,-3.444011332,38.22838365,2,0,modern_mud,triangle,1
695,MSOR_01,29,3,2022,10:50:38,-3.444682345,38.23153677,NA,NA,mud,triangle,1
696,MSOR_01,29,3,2022,11:33:16,-3.442087436,38.23097591,NA,NA,modern_mud,triangle,1
697,MSOR_01,29,3,2022,14:06:56,-3.437739748,38.22323567,NA,NA,mud,flat,0
698,MSOR_01,29,3,2022,14:34:38,-3.436651794,38.22656033,NA,NA,modern_mud,triangle,0
699,MSOR_01,29,3,2022,9:32:34,-3.440160536,38.22720151,0,0,mud,triangle,1
700,MSOR_01,29,3,2022,9:34:33,-3.439833198,38.22700719,0,0,modern,triangle,0
701,MSOR_01,29,3,2022,9:37:22,-3.440470452,38.22675183,0,0,other_latrine,flat,0
702,MSOR_01,29,3,2022,9:49:18,-3.442872318,38.22677961,0,0,mud,triangle,0
703,MSOR_01,29,3,2022,9:50:42,-3.442817517,38.22680674,0,0,other_coup,flat,0
704,MSOR_01,29,3,2022,9:52:03,-3.442906811,38.22676952,0,0,other_latrine,flat,0
705,MSOR_01,29,3,2022,10:18:00,-3.443988592,38.22845904,0,0,modern_mud,triangle,0
706,MSOR_01,29,3,2022,10:18:37,-3.444052366,38.22844369,0,0,mud,triangle,0
707,MSOR_01,29,3,2022,10:19:58,-3.444306233,38.22841177,0,0,other_latrine,flat,0
708,MSOR_01,29,3,2022,11:34:16,-3.442360943,38.23092821,0,0,modern_mud,triangle,0
709,MSOR_01,29,3,2022,11:38:22,-3.44243968,38.23091369,0,0,other_latrine,flat,0
710,MSOR_01,29,3,2022,11:52:28,-3.442147438,38.23017719,0,0,modern_mud,triangle,0
711,MSOR_01,29,3,2022,11:55:04,-3.442093122,38.23017266,0,0,other_latrine,flat,0
712,MSOR_01,29,3,2022,12:11:15,-3.440984921,38.22765763,0,0,other_latrine,flat,0
713,MSOR_01,29,3,2022,12:41:43,-3.443871892,38.22321233,0,0,modern_mud,triangle,0
714,MSOR_01,29,3,2022,12:42:12,-3.44391398,38.22309385,0,0,other_latrine,flat,0
715,MSOR_01,29,3,2022,12:43:00,-3.443850123,38.22328841,0,0,other_latrine,flat,0
716,MSOR_01,29,3,2022,12:43:42,-3.443801584,38.22315054,0,0,mud,triangle,0
717,MSOR_01,29,3,2022,13:36:31,-3.439794912,38.22384976,0,0,mud,flat,0
718,MSOR_01,29,3,2022,13:37:17,-3.439739663,38.22382979,0,0,other_latrine,other_no roof,0
719,MSOR_01,29,3,2022,13:43:10,-3.439456456,38.22416072,0,0,mud,triangle,0
720,MSOR_01,29,3,2022,13:43:57,-3.439427208,38.2241146,0,0,modern_mud,triangle,0
721,MSOR_01,29,3,2022,13:55:39,-3.439889819,38.22504859,0,0,mud,triangle,0
722,MSOR_01,29,3,2022,13:59:46,-3.438687944,38.22455679,0,0,mud,triangle,0
723,MSOR_01,29,3,2022,14:08:19,-3.43792821,38.22304227,0,0,mud,flat,0
724,MSOR_01,29,3,2022,14:30:11,-3.436509673,38.22575189,0,0,other_coup,flat,0
725,MSOR_01,29,3,2022,14:30:59,-3.436555004,38.2257452,0,0,mud,flat,0
726,MSOR_01,29,3,2022,14:32:27,-3.436788779,38.22653968,0,0,other_latrine,flat,0
727,MSOR_01,29,3,2022,14:33:02,-3.436658295,38.22649563,0,0,modern_mud,flat,1
728,MSOR_01,29,3,2022,14:43:17,-3.437636,38.226924,0,0,modern_mud,triangle,0
729,MSOR_01,29,3,2022,14:52:37,-3.438118029,38.22765892,0,0,mud,flat,0
730,MSOR_01,29,3,2022,14:57:01,-3.438473448,38.22801618,0,0,modern_mud,flat,0
731,MSOR_01,29,3,2022,14:58:39,-3.43849418,38.22805107,0,0,other_latrine,flat,0
732,MSOR_01,29,3,2022,14:59:44,-3.438617379,38.22904374,0,0,other_latrine,flat,0
733,MSOR_01,29,3,2022,15:01:49,-3.438437447,38.22913514,0,0,modern,triangle,0
734,MSOR_01,29,3,2022,15:02:46,-3.438436162,38.22907021,0,0,modern,triangle,0
735,MSOR_01,29,3,2022,15:03:08,-3.438546639,38.22904771,0,0,modern,flat,0
736,MSOR_01,29,3,2022,12:03:46,-3.442506828,38.22848327,NA,NA,mud,triangle,0
737,GIMB_01,31,3,2022,9:54:19,-3.504242229,38.5544499,NA,NA,modern,triangle,1
739,GIMB_01,31,3,2022,13:33:44,-3.506468501,38.55503992,NA,NA,modern_mud,flat,1
740,GIMB_01,31,3,2022,14:15:04,-3.505630619,38.55009636,1,0,modern,triangle,1
741,GIMB_01,31,3,2022,12:26:04,-3.506478058,38.55575483,NA,NA,modern,triangle,1
742,GIMB_01,31,3,2022,9:55:03,-3.504223648,38.55460139,0,0,other_coup,flat,0
743,GIMB_01,31,3,2022,10:00:39,-3.504549446,38.55388838,0,0,modern,flat,0
744,GIMB_01,31,3,2022,10:02:13,-3.504446424,38.55384555,0,0,modern,flat,0
745,GIMB_01,31,3,2022,10:04:13,-3.504048455,38.55365896,0,0,mud,flat,0
746,GIMB_01,31,3,2022,10:04:33,-3.504008241,38.55364082,0,0,other_coup,flat,0
747,GIMB_01,31,3,2022,10:04:51,-3.50386473,38.55347048,0,0,mud,triangle,0
748,GIMB_01,31,3,2022,10:06:09,-3.503664629,38.55308854,0,0,mud,flat,0
749,GIMB_01,31,3,2022,10:09:56,-3.503168538,38.55357643,0,0,mud,flat,0
750,GIMB_01,31,3,2022,10:13:17,-3.503067292,38.55354497,0,0,mud,flat,0
751,GIMB_01,31,3,2022,10:13:31,-3.503080416,38.5534832,0,0,mud,triangle,0
752,GIMB_01,31,3,2022,10:14:44,-3.503033526,38.55352537,0,0,other_coup,flat,0
753,GIMB_01,31,3,2022,10:18:18,-3.502361118,38.55439633,0,0,mud,flat,NA
754,GIMB_01,31,3,2022,10:21:04,-3.501796075,38.55440606,0,0,other_wood,flat,0
755,GIMB_01,31,3,2022,10:22:54,-3.501462902,38.55488682,0,0,mud,triangle,0
756,GIMB_01,31,3,2022,10:23:28,-3.501423899,38.55487981,0,0,other_coup,flat,0
757,GIMB_01,31,3,2022,10:24:57,-3.501940828,38.5555187,0,0,other_iron,flat,0
758,GIMB_01,31,3,2022,10:27:54,-3.501228654,38.55580483,0,0,mud,flat,0
759,GIMB_01,31,3,2022,10:28:34,-3.501110559,38.55580483,0,0,mud,triangle,0
760,GIMB_01,31,3,2022,10:29:00,-3.50117353,38.55572418,0,0,other_latrine,flat,0
761,GIMB_01,31,3,2022,10:30:49,-3.501158297,38.55580097,0,0,mud,flat,0
762,GIMB_01,31,3,2022,10:33:40,-3.502538978,38.5564107,0,0,mud,flat,0
763,GIMB_01,31,3,2022,10:34:45,-3.502513027,38.5565364,0,0,other_latrine,flat,0
764,GIMB_01,31,3,2022,10:39:44,-3.501090776,38.55787438,0,0,mud,triangle,0
765,GIMB_01,31,3,2022,10:40:24,-3.501024789,38.55785448,0,0,mud,triangle,0
766,GIMB_01,31,3,2022,10:40:56,-3.50101641,38.55802104,0,0,mud,other_no roof,0
767,GIMB_01,31,3,2022,10:41:57,-3.500964039,38.55796028,0,0,other_latrine,flat,0
768,GIMB_01,31,3,2022,10:46:39,-3.500540194,38.55890731,0,0,other_latrine,flat,0
769,GIMB_01,31,3,2022,10:56:01,-3.502964555,38.55816248,0,0,modern,triangle,0
770,GIMB_01,31,3,2022,10:57:46,-3.502940787,38.55807249,0,0,other_latrine,flat,0
771,GIMB_01,31,3,2022,10:58:20,-3.50300638,38.55815331,0,0,mud,flat,0
772,GIMB_01,31,3,2022,11:00:01,-3.503218145,38.55724342,0,0,other_latrine,flat,0
773,GIMB_01,31,3,2022,11:00:34,-3.502950618,38.55727315,0,0,mud,flat,0
774,GIMB_01,31,3,2022,11:01:01,-3.50320687,38.55729263,0,0,other_coup,flat,0
775,GIMB_01,31,3,2022,11:01:27,-3.50304492,38.55734389,0,0,modern_mud,triangle,0
776,GIMB_01,31,3,2022,11:04:19,-3.503830301,38.55775372,0,0,mud,other_straw,0
777,GIMB_01,31,3,2022,11:05:33,-3.503743918,38.55773974,0,0,mud,flat,0
778,GIMB_01,31,3,2022,11:07:30,-3.503942756,38.55819201,0,0,mud,triangle,0
779,GIMB_01,31,3,2022,11:10:15,-3.504000483,38.55862664,0,0,modern_mud,triangle,0
780,GIMB_01,31,3,2022,11:10:53,-3.503947567,38.55857532,0,0,other_coup,flat,0
781,GIMB_01,31,3,2022,11:11:19,-3.503963602,38.55853522,0,0,other_coup,flat,0
782,GIMB_01,31,3,2022,11:11:40,-3.503982845,38.55849192,0,0,other_latrine,flat,0
783,GIMB_01,31,3,2022,11:14:38,-3.504239096,38.55774987,0,0,mud,flat,0
784,GIMB_01,31,3,2022,11:16:32,-3.504194587,38.55733495,0,0,other_latrine,flat,0
790,GIMB_01,31,3,2022,11:59:53,-3.508570444,38.55850096,0,0,other_latrine,flat,0
791,GIMB_01,31,3,2022,12:00:32,-3.508554495,38.55843368,0,0,mud,triangle,0
792,GIMB_01,31,3,2022,12:00:59,-3.508575468,38.55834687,0,0,mud,triangle,0
793,GIMB_01,31,3,2022,12:01:17,-3.508521225,38.5583476,0,0,mud,triangle,0
794,GIMB_01,31,3,2022,12:08:31,-3.508704072,38.55654253,0,0,mud,triangle,0
795,GIMB_01,31,3,2022,12:09:05,-3.508659891,38.55650684,0,0,other_coup,flat,0
796,GIMB_01,31,3,2022,12:09:50,-3.508158609,38.55632499,0,0,mud,triangle,0
797,GIMB_01,31,3,2022,12:10:25,-3.508173902,38.5562876,0,0,other_coup,flat,0
798,GIMB_01,31,3,2022,12:10:50,-3.508162008,38.55623321,0,0,other_latrine,flat,0
799,GIMB_01,31,3,2022,12:11:47,-3.508040891,38.55696682,0,0,mud,flat,0
800,GIMB_01,31,3,2022,12:12:53,-3.507519486,38.55625286,0,0,mud,flat,0
801,GIMB_01,31,3,2022,12:13:14,-3.50753736,38.5562181,0,0,other_iron,flat,0
802,GIMB_01,31,3,2022,12:13:41,-3.507510465,38.55621453,0,0,mud,flat,0
803,GIMB_01,31,3,2022,12:16:11,-3.507773746,38.55736354,0,0,mud,triangle,0
804,GIMB_01,31,3,2022,12:21:48,-3.507090403,38.55609481,0,0,other_latrine,flat,0
805,GIMB_01,31,3,2022,12:22:41,-3.507265481,38.55563049,0,0,modern_mud,flat,0
806,GIMB_01,31,3,2022,12:23:22,-3.507288634,38.55564118,0,0,other_coup,flat,0
807,GIMB_01,31,3,2022,12:27:39,-3.506433053,38.555776,0,0,mud,flat,0
808,GIMB_01,31,3,2022,12:31:55,-3.506192516,38.55692142,0,0,mud,triangle,0
809,GIMB_01,31,3,2022,12:33:46,-3.505551634,38.556926,0,0,mud,triangle,0
810,GIMB_01,31,3,2022,12:38:41,-3.50487736,38.55548943,0,0,mud,triangle,0
811,GIMB_01,31,3,2022,12:49:24,-3.504542102,38.55502914,0,0,mud,flat,0
812,GIMB_01,31,3,2022,12:53:29,-3.504177651,38.55531057,0,0,modern_mud,flat,0
813,GIMB_01,31,3,2022,12:54:21,-3.504219828,38.55530802,0,0,mud,flat,0
814,GIMB_01,31,3,2022,12:54:39,-3.504232609,38.55533486,0,0,other_latrine,flat,0
815,GIMB_01,31,3,2022,12:55:10,-3.504056329,38.55469551,0,0,other_greenhouse,other_round,0
816,GIMB_01,31,3,2022,12:57:54,-3.504184674,38.55616578,0,0,mud,flat,0
817,GIMB_01,31,3,2022,13:20:39,-3.505013578,38.55390166,0,0,mud,triangle,0
818,GIMB_01,31,3,2022,13:21:38,-3.505137495,38.55399886,0,0,mud,triangle,0
819,GIMB_01,31,3,2022,13:22:46,-3.505255495,38.55405027,0,0,modern_mud,triangle,0
820,GIMB_01,31,3,2022,13:23:28,-3.505326762,38.55407715,0,0,other_latrine,flat,0
821,GIMB_01,31,3,2022,13:25:22,-3.505454903,38.55414925,0,0,other_latrine,flat,0
822,GIMB_01,31,3,2022,13:26:01,-3.505520321,38.55418513,0,0,mud,flat,0
823,GIMB_01,31,3,2022,13:26:18,-3.505604732,38.55421467,0,0,modern,triangle,0
824,GIMB_01,31,3,2022,13:28:16,-3.505777186,38.55443851,0,0,modern_mud,flat,0
825,GIMB_01,31,3,2022,13:29:12,-3.505926033,38.55449084,0,0,mud,flat,0
826,GIMB_01,31,3,2022,13:31:38,-3.506154374,38.55538028,0,0,mud,triangle,0
827,GIMB_01,31,3,2022,13:34:30,-3.5065273,38.55507418,0,0,other_latrine,flat,0
828,GIMB_01,31,3,2022,13:49:02,-3.507492145,38.55482117,0,0,other_iron,triangle,0
829,GIMB_01,31,3,2022,13:57:51,-3.5087595,38.55148433,0,0,mud,flat,0
831,GIMB_01,31,3,2022,14:02:23,-3.508109514,38.55114187,0,0,mud,triangle,0
832,GIMB_01,31,3,2022,14:02:45,-3.50813965,38.55106506,0,0,other_latrine,flat,0
833,GIMB_01,31,3,2022,14:03:15,-3.508037579,38.55113506,0,0,mud,triangle,0
834,GIMB_01,31,3,2022,14:04:33,-3.507573955,38.55171852,0,0,mud,other_straw,0
835,GIMB_01,31,3,2022,14:05:03,-3.507607897,38.55196181,0,0,mud,flat,0
836,GIMB_01,31,3,2022,14:05:21,-3.507124794,38.55158839,0,0,mud,flat,NA
837,GIMB_01,31,3,2022,14:11:26,-3.506060835,38.55017952,0,0,mud,triangle,0
838,GIMB_01,31,3,2022,14:11:49,-3.506040079,38.55028955,0,0,other_latrine,flat,0
839,GIMB_01,31,3,2022,14:13:50,-3.506000325,38.55043232,0,0,mud,flat,0
840,GIMB_01,31,3,2022,14:14:46,-3.50563668,38.5500309,0,0,modern_mud,triangle,0
841,GIMB_01,31,3,2022,14:18:31,-3.5055667,38.55005756,0,0,other_latrine,flat,0
842,GIMB_01,31,3,2022,14:21:09,-3.505572379,38.55002801,0,0,other_coup,flat,0
843,GIMB_01,31,3,2022,14:25:34,-3.505099684,38.55077272,0,0,mud,flat,0
844,GIMB_01,31,3,2022,14:27:46,-3.505816322,38.55117936,0,0,mud,triangle,0
845,GIMB_01,31,3,2022,14:28:44,-3.505881519,38.5511578,0,0,mud,triangle,0
846,GIMB_01,31,3,2022,14:33:39,-3.503797021,38.5504856,0,0,mud,triangle,0
848,GIMB_01,31,3,2022,14:37:13,-3.502370641,38.55003775,0,0,mud,triangle,0
849,GIMB_01,31,3,2022,14:43:30,-3.502407051,38.55256573,0,0,mud,flat,0
850,GIMB_01,31,3,2022,14:44:05,-3.502328515,38.55254102,0,0,mud,flat,0
851,GIMB_01,31,3,2022,14:50:59,-3.499988437,38.55404632,0,0,mud,flat,0
852,GIMB_01,31,3,2022,14:51:20,-3.499879272,38.55306975,0,0,other_iron,flat,0
853,GIMB_01,31,3,2022,14:52:29,-3.499854308,38.55295921,0,0,mud,flat,0
854,GIMB_01,31,3,2022,15:05:35,-3.504714529,38.55314365,0,0,mud,triangle,0
855,GIMB_01,31,3,2022,10:45:43,-3.500489251,38.55884351,0,0,mud,triangle,0
856,GIMB_01,31,3,2022,11:17:05,-3.503974836,38.55719718,0,0,mud,triangle,0
857,GIMB_01,31,3,2022,11:17:38,-3.503912518,38.55716328,0,0,mud,flat,0
858,GIMB_01,31,3,2022,14:06:32,-3.507519099,38.55181986,0,0,modern,triangle,NA
859,MWAS_01,7,4,2022,9:00:52,-3.491057687,38.27075977,3,0,modern,triangle,1
860,MWAS_01,7,4,2022,9:02:35,-3.490506086,38.27078325,0,0,modern,triangle,0
861,MWAS_01,7,4,2022,14:41:34,-3.486738703,38.26743391,NA,NA,modern_mud,triangle,1
862,MWAS_01,7,4,2022,14:56:08,-3.492559235,38.26962611,0,0,modern,triangle,0
863,MWAS_01,7,4,2022,15:30:31,-3.488351367,38.27205215,NA,NA,modern,triangle,1
864,MWAS_01,8,4,2022,12:38:24,-3.492171736,38.26934174,0,0,other_latrine,flat,0
865,MWAS_01,7,4,2022,14:23:39,-3.493544699,38.27028385,0,0,mud,flat,0
866,MWAS_01,7,4,2022,14:25:28,-3.493575271,38.2686346,0,0,mud,flat,0
867,MWAS_01,7,4,2022,14:25:52,-3.493422409,38.26914048,0,0,mud,flat,0
868,MWAS_01,7,4,2022,14:26:10,-3.49337655,38.26911627,0,0,mud,triangle,0
869,MWAS_01,7,4,2022,14:26:38,-3.493384194,38.26916852,0,0,mud,flat,0
870,MWAS_01,7,4,2022,14:27:03,-3.492991848,38.26951639,0,0,modern_mud,flat,NA
871,MWAS_01,7,4,2022,14:28:45,-3.491842377,38.26814513,0,0,modern_mud,triangle,NA
872,MWAS_01,7,4,2022,14:29:32,-3.491463139,38.2672595,0,0,modern,triangle,0
873,MWAS_01,7,4,2022,14:30:51,-3.491798628,38.26804471,0,0,other_latrine,flat,0
874,MWAS_01,7,4,2022,14:32:01,-3.489255753,38.26698335,0,0,mud,flat,0
875,MWAS_01,7,4,2022,14:32:33,-3.489524951,38.2663587,0,0,mud,flat,0
876,MWAS_01,7,4,2022,14:32:53,-3.489332982,38.26702088,0,0,mud,flat,0
877,MWAS_01,7,4,2022,14:36:00,-3.487973981,38.26628028,0,0,modern,triangle,0
878,MWAS_01,7,4,2022,14:36:27,-3.4879732,38.26632712,0,0,mud,triangle,0
879,MWAS_01,7,4,2022,14:38:35,-3.487947251,38.2663871,0,0,other_latrine,flat,0
880,MWAS_01,7,4,2022,14:42:24,-3.48664054,38.26740039,0,0,other_latrine,flat,0
881,MWAS_01,7,4,2022,14:43:36,-3.486690734,38.26738075,0,0,modern_mud,other_no roof,0
882,MWAS_01,7,4,2022,14:50:14,-3.491970548,38.26811611,0,0,other_latrine,flat,0
883,MWAS_01,7,4,2022,14:50:49,-3.491711729,38.26902877,0,0,modern,triangle,NA
884,MWAS_01,7,4,2022,14:51:28,-3.491752874,38.26889662,0,0,other_latrine,flat,0
885,MWAS_01,7,4,2022,14:52:13,-3.492017076,38.26909376,0,0,other_latrine,flat,0
886,MWAS_01,7,4,2022,14:52:40,-3.491973765,38.26915658,0,0,other_latrine,flat,0
887,MWAS_01,7,4,2022,14:53:51,-3.491817641,38.26931328,0,0,mud,triangle,0
888,MWAS_01,7,4,2022,14:55:10,-3.49244911,38.26990507,0,0,modern,triangle,0
889,MWAS_01,7,4,2022,14:56:46,-3.490995938,38.27056111,0,0,other_latrine,triangle,0
890,MWAS_01,7,4,2022,14:57:28,-3.490829788,38.27077959,0,0,other_latrine,triangle,0
891,MWAS_01,7,4,2022,15:01:26,-3.491435173,38.27186029,0,0,modern_mud,flat,NA
892,MWAS_01,7,4,2022,15:02:25,-3.49136425,38.27180058,0,0,other_latrine,flat,0
893,MWAS_01,7,4,2022,15:02:48,-3.491264683,38.27183893,0,0,modern_mud,triangle,NA
894,MWAS_01,7,4,2022,15:06:30,-3.490138373,38.27196836,0,0,modern_mud,triangle,0
895,MWAS_01,7,4,2022,15:09:38,-3.48959192,38.27245437,0,0,mud,flat,0
896,MWAS_01,7,4,2022,15:15:51,-3.490495613,38.27345693,0,0,mud,triangle,0
897,MWAS_01,7,4,2022,15:17:05,-3.490514773,38.27349639,0,0,mud,flat,0
898,MWAS_01,7,4,2022,15:17:26,-3.490507725,38.27354221,0,0,mud,flat,0
899,MWAS_01,7,4,2022,15:17:52,-3.490600003,38.2734668,0,0,other_latrine,flat,0
900,MWAS_01,7,4,2022,15:18:52,-3.491052288,38.27328707,0,0,other_latrine,flat,0
901,MWAS_01,7,4,2022,15:19:32,-3.491045331,38.27318016,0,0,mud,flat,0
902,MWAS_01,7,4,2022,15:19:52,-3.491045969,38.27321527,0,0,mud,flat,0
903,MWAS_01,7,4,2022,15:31:13,-3.48835024,38.27199742,0,0,other_latrine,flat,0
904,MWAS_01,7,4,2022,15:36:02,-3.487698157,38.27266931,0,0,mud,triangle,0
905,MWAS_01,7,4,2022,15:36:25,-3.487605679,38.27266753,0,0,mud,flat,0
906,MWAS_01,7,4,2022,15:36:47,-3.48759323,38.27260527,0,0,mud,flat,0
907,MWAS_01,7,4,2022,15:39:32,-3.487565563,38.27255376,0,0,other_latrine,flat,0
908,MWAS_01,7,4,2022,15:48:29,-3.487971345,38.27086643,0,0,other_latrine,flat,0
909,MWAS_01,7,4,2022,15:49:21,-3.488036268,38.27091433,0,0,modern,triangle,0
910,MWAS_01,7,4,2022,15:49:38,-3.488071286,38.27091731,0,0,mud,triangle,0
911,MWAS_01,7,4,2022,15:50:37,-3.488274832,38.27086284,0,0,mud,triangle,0
912,MWAS_01,8,4,2022,11:53:45,-3.487651691,38.2682957,0,0,mud,flat,0
913,MWAS_01,8,4,2022,11:56:05,-3.488262216,38.26834242,0,0,other_latrine,flat,0
914,MWAS_01,8,4,2022,11:56:46,-3.488615959,38.26850653,0,0,other_coup,flat,0
915,MWAS_01,8,4,2022,11:57:12,-3.488619507,38.26855063,0,0,modern_mud,triangle,0
916,MWAS_01,8,4,2022,12:00:02,-3.48811959,38.26872172,0,0,mud,triangle,0
917,MWAS_01,8,4,2022,12:22:47,-3.487855991,38.27349613,0,0,other_coup,other_no roof,0
918,MWAS_01,8,4,2022,12:24:03,-3.487928588,38.27350206,0,0,mud,flat,0
919,MWAS_01,8,4,2022,12:35:13,-3.492737,38.269885,0,0,modern,triangle,0
920,MWAS_01,8,4,2022,12:35:51,-3.492608411,38.26984486,0,0,other_iron,flat,0
921,MWAS_01,8,4,2022,12:45:51,-3.492947622,38.270145,0,0,modern,triangle,0
922,MWAS_01,8,4,2022,12:50:33,-3.492985921,38.27006071,0,0,modern,triangle,0
923,MWAS_01,8,4,2022,12:56:28,-3.493331945,38.2716912,0,0,modern,flat,0
924,MWAS_01,8,4,2022,12:56:59,-3.493481466,38.27157799,0,0,mud,flat,0
925,MWAS_01,8,4,2022,12:57:32,-3.493515292,38.271611,0,0,mud,flat,0
926,MWAS_01,8,4,2022,12:58:11,-3.493427841,38.27166217,0,0,mud,other_straw,0
927,MWAS_01,8,4,2022,12:58:50,-3.49332554,38.27162916,0,0,mud,flat,0
928,MWAS_01,8,4,2022,12:59:23,-3.493357437,38.27174454,0,0,other_latrine,flat,0
929,MWAS_01,8,4,2022,13:02:39,-3.493230439,38.27227324,0,0,mud,flat,0
930,MWAS_01,8,4,2022,13:03:11,-3.493277752,38.27222928,0,0,other_latrine,flat,0
931,MWAS_01,8,4,2022,13:04:48,-3.493226207,38.27295664,0,0,other_latrine,flat,0
932,MWAS_01,8,4,2022,13:05:15,-3.493186059,38.2731406,0,0,mud,flat,0
933,MWAS_01,8,4,2022,13:05:32,-3.493138417,38.27309703,0,0,mud,triangle,0
934,MWAS_01,8,4,2022,13:07:12,-3.49328142,38.27360699,0,0,other_latrine,flat,0
935,MWAS_01,8,4,2022,13:07:42,-3.493212173,38.27364324,0,0,modern,triangle,0
936,MWAS_01,8,4,2022,13:08:59,-3.492652151,38.27377424,0,0,mud,triangle,0
937,MWAS_01,8,4,2022,13:09:21,-3.492638268,38.27384286,0,0,other_latrine,flat,0
938,MWAS_01,8,4,2022,13:11:03,-3.492738203,38.27400726,0,0,mud,triangle,0
939,MWAS_01,8,4,2022,13:38:47,-3.490153362,38.27487471,0,0,mud,triangle,0
940,MWAS_01,8,4,2022,13:44:46,-3.489209812,38.27525784,0,0,mud,triangle,0
943,MWAS_01,7,4,2022,14:53:05,-3.491855898,38.26937068,0,0,modern_mud,triangle,0
944,MWAS_02,7,4,2022,13:39:52,-3.493886261,38.27053186,0,0,mud,triangle,0
945,MWAS_02,7,4,2022,8:57:27,-3.49824326,38.27391785,4,0,modern,triangle,1
946,MWAS_02,7,4,2022,10:11:46,-3.501767752,38.27735618,NA,NA,modern,triangle,1
947,MWAS_02,7,4,2022,10:20:11,-3.500926366,38.27809334,NA,NA,modern,triangle,1
948,MWAS_02,7,4,2022,10:50:38,-3.50009171,38.2762786,0,0,other_latrine,flat,0
949,MWAS_02,7,4,2022,11:14:15,-3.498221706,38.27671741,3,2,modern,triangle,1
950,MWAS_02,7,4,2022,11:29:34,-3.497504213,38.27683813,1,0,modern,triangle,1
951,MWAS_02,7,4,2022,11:59:27,-3.497049,38.275976,1,0,modern_mud,triangle,1
952,MWAS_02,7,4,2022,12:07:50,-3.49611027,38.27612921,2,0,modern,triangle,1
953,MWAS_02,7,4,2022,12:18:05,-3.494362149,38.27566627,0,0,other_latrine,flat,0
954,MWAS_02,7,4,2022,12:49:15,-3.496495445,38.27472843,NA,NA,modern,triangle,1
955,MWAS_02,7,4,2022,13:14:21,-3.49533888,38.27345181,0,0,other_latrine,flat,0
956,MWAS_02,7,4,2022,13:48:55,-3.494088784,38.27213169,0,0,other_latrine,flat,0
957,MWAS_02,7,4,2022,13:51:10,-3.494038286,38.27242045,0,0,modern_mud,triangle,0
958,MWAS_02,7,4,2022,9:53:28,-3.498727096,38.2743025,0,0,modern,triangle,0
959,MWAS_02,7,4,2022,9:56:01,-3.49805042,38.27481249,0,0,modern,triangle,0
960,MWAS_02,7,4,2022,9:56:32,-3.498175536,38.27496892,0,0,mud,triangle,0
961,MWAS_02,7,4,2022,9:59:48,-3.500262467,38.27544405,0,0,mud,flat,0
962,MWAS_02,7,4,2022,10:00:16,-3.5002683,38.27538376,0,0,mud,flat,0
963,MWAS_02,7,4,2022,10:01:44,-3.500177856,38.27537227,0,0,other_latrine,flat,0
964,MWAS_02,7,4,2022,10:05:09,-3.50090615,38.27555264,0,0,other_latrine,flat,0
965,MWAS_02,7,4,2022,10:05:32,-3.500842503,38.27558814,0,0,modern_mud,triangle,0
966,MWAS_02,7,4,2022,10:06:18,-3.500994697,38.27565169,0,0,mud,flat,0
967,MWAS_02,7,4,2022,10:09:11,-3.502376724,38.27693828,0,0,modern,flat,NA
968,MWAS_02,7,4,2022,10:09:57,-3.501997408,38.27671083,0,0,other_coup,flat,0
969,MWAS_02,7,4,2022,10:10:52,-3.501930872,38.27667662,0,0,other_latrine,flat,0
970,MWAS_02,7,4,2022,10:15:33,-3.501814542,38.27741417,0,0,other_latrine,flat,0
971,MWAS_02,7,4,2022,10:15:54,-3.502009737,38.27753695,0,0,modern,triangle,0
972,MWAS_02,7,4,2022,10:16:42,-3.501899529,38.27675988,0,0,mud,triangle,0
973,MWAS_02,7,4,2022,10:17:12,-3.50192756,38.27686616,0,0,other_coup,flat,0
974,MWAS_02,7,4,2022,10:18:39,-3.500992474,38.2779787,0,0,other_latrine,flat,0
975,MWAS_02,7,4,2022,10:26:26,-3.500888598,38.27657928,0,0,mud,flat,0
976,MWAS_02,7,4,2022,10:26:57,-3.500863976,38.27656024,0,0,mud,flat,0
977,MWAS_02,7,4,2022,10:27:18,-3.500908068,38.27659656,0,0,mud,triangle,0
978,MWAS_02,7,4,2022,10:27:49,-3.500924149,38.27661835,0,0,other_coup,flat,0
979,MWAS_02,7,4,2022,10:28:17,-3.500937636,38.27663963,0,0,other_coup,flat,0
980,MWAS_02,7,4,2022,10:30:23,-3.500551905,38.27627214,0,0,mud,triangle,0
981,MWAS_02,7,4,2022,10:31:35,-3.500522801,38.27648656,0,0,mud,triangle,0
982,MWAS_02,7,4,2022,10:31:52,-3.500424841,38.27647804,0,0,other_latrine,flat,0
983,MWAS_02,7,4,2022,10:32:45,-3.500445326,38.27647813,0,0,other_latrine,flat,0
984,MWAS_02,7,4,2022,10:32:59,-3.500538194,38.27691218,0,0,mud,flat,0
985,MWAS_02,7,4,2022,10:33:41,-3.500793035,38.27659457,0,0,mud,triangle,0
986,MWAS_02,7,4,2022,10:34:09,-3.500353,38.27741,0,0,mud,triangle,0
987,MWAS_02,7,4,2022,10:36:38,-3.499523355,38.2780294,0,0,other_latrine,flat,0
988,MWAS_02,7,4,2022,10:39:25,-3.499447717,38.2779456,0,0,other_latrine,flat,0
989,MWAS_02,7,4,2022,10:40:30,-3.499002043,38.27778611,0,0,mud,triangle,0
990,MWAS_02,7,4,2022,10:44:53,-3.499644194,38.27699055,0,0,mud,flat,0
991,MWAS_02,7,4,2022,10:45:37,-3.49965474,38.27692165,0,0,other_latrine,flat,0
992,MWAS_02,7,4,2022,10:46:30,-3.499608947,38.27692633,0,0,other_food,flat,0
993,MWAS_02,7,4,2022,10:46:58,-3.499605209,38.27683098,0,0,mud,flat,0
994,MWAS_02,7,4,2022,10:48:07,-3.499956911,38.27638267,0,0,mud,triangle,0
995,MWAS_02,7,4,2022,10:48:43,-3.500038125,38.27640166,0,0,modern_mud,other_triangle/flat,0
996,MWAS_02,7,4,2022,10:49:24,-3.500017218,38.27634416,0,0,other_latrine,flat,0
997,MWAS_02,7,4,2022,10:51:42,-3.500152704,38.27623922,0,0,mud,flat,0
998,MWAS_02,7,4,2022,10:59:07,-3.501300581,38.2764859,0,0,modern_mud,other_no roof,0
999,MWAS_02,7,4,2022,11:00:32,-3.501302407,38.27640464,0,0,mud,flat,1
1000,MWAS_02,7,4,2022,11:10:21,-3.498297843,38.27585895,0,0,other_latrine,flat,0
1001,MWAS_02,7,4,2022,11:11:18,-3.498375056,38.27596041,0,0,modern,triangle,0
1002,MWAS_02,7,4,2022,11:12:47,-3.498325199,38.27672413,0,0,other_latrine,flat,0
1003,MWAS_02,7,4,2022,11:13:09,-3.498314247,38.27666536,0,0,other_latrine,flat,0
1004,MWAS_02,7,4,2022,11:28:27,-3.497934423,38.2767095,0,0,modern,triangle,0
1005,MWAS_02,7,4,2022,11:29:04,-3.497707836,38.27680521,0,0,other_wood,triangle,0
1006,MWAS_02,7,4,2022,11:33:07,-3.497641966,38.27695051,0,0,modern_mud,triangle,0
1007,MWAS_02,7,4,2022,11:34:17,-3.498095348,38.27652173,0,0,other_water,triangle,0
1008,MWAS_02,7,4,2022,11:35:12,-3.498222873,38.27663081,0,0,modern_mud,flat,0
1009,MWAS_02,7,4,2022,11:37:17,-3.497218825,38.27704431,0,0,modern_mud,flat,0
1010,MWAS_02,7,4,2022,11:37:53,-3.497138255,38.27709155,0,0,modern_mud,flat,0
1011,MWAS_02,7,4,2022,11:38:38,-3.497440465,38.27708134,0,0,mud,flat,0
1012,MWAS_02,7,4,2022,11:39:16,-3.497622723,38.27700917,0,0,mud,flat,0
1013,MWAS_02,7,4,2022,11:40:12,-3.496949414,38.27746947,0,0,mud,flat,0
1014,MWAS_02,7,4,2022,11:40:58,-3.496969078,38.27754533,0,0,mud,flat,0
1015,MWAS_02,7,4,2022,11:41:25,-3.496887949,38.27754721,0,0,mud,triangle,0
1016,MWAS_02,7,4,2022,11:42:09,-3.496897,38.277619,0,0,other_latrine,flat,0
1017,MWAS_02,7,4,2022,11:46:54,-3.496452464,38.27821119,0,0,other_coup,flat,0
1018,MWAS_02,7,4,2022,11:47:16,-3.496455504,38.27813137,0,0,modern,flat,0
1019,MWAS_02,7,4,2022,11:47:53,-3.496526192,38.27801201,0,0,other_latrine,flat,0
1020,MWAS_02,7,4,2022,11:48:25,-3.496566476,38.27820739,0,0,other_coup,flat,0
1021,MWAS_02,7,4,2022,11:49:47,-3.497289489,38.27843181,0,0,mud,flat,0
1022,MWAS_02,7,4,2022,11:51:41,-3.497428084,38.27771949,0,0,modern_mud,triangle,0
1023,MWAS_02,7,4,2022,11:56:18,-3.497152198,38.27630511,0,0,other_latrine,flat,0
1024,MWAS_02,7,4,2022,11:56:44,-3.497177335,38.27631369,0,0,other_coup,flat,0
1025,MWAS_02,7,4,2022,11:57:13,-3.497179621,38.27623197,0,0,modern,triangle,0
1026,MWAS_02,7,4,2022,11:58:11,-3.497110493,38.27619483,0,0,modern_mud,triangle,0
1027,MWAS_02,7,4,2022,11:58:53,-3.497103256,38.27605344,0,0,other_latrine,flat,0
1028,MWAS_02,7,4,2022,12:03:35,-3.496609639,38.27647352,0,0,mud,triangle,0
1029,MWAS_02,7,4,2022,12:03:56,-3.496469004,38.27657329,0,0,modern_mud,flat,0
1030,MWAS_02,7,4,2022,12:05:33,-3.496436083,38.27638512,0,0,other_latrine,flat,0
1031,MWAS_02,7,4,2022,12:06:22,-3.496122317,38.27607125,0,0,modern_mud,flat,0
1032,MWAS_02,7,4,2022,12:09:11,-3.496064312,38.27609451,0,0,mud,triangle,0
1033,MWAS_02,7,4,2022,12:09:42,-3.496026511,38.27611096,0,0,mud,flat,0
1034,MWAS_02,7,4,2022,12:10:18,-3.496017157,38.27605786,0,0,other_latrine,flat,0
1035,MWAS_02,7,4,2022,12:10:41,-3.49598582,38.27606546,0,0,other_latrine,flat,0
1036,MWAS_02,7,4,2022,12:16:50,-3.494428898,38.27570026,0,0,mud,triangle,0
1037,MWAS_02,7,4,2022,12:17:32,-3.494356473,38.27570476,0,0,other_latrine,flat,0
1038,MWAS_02,7,4,2022,12:33:30,-3.494021285,38.278253,0,0,modern_mud,triangle,0
1039,MWAS_02,7,4,2022,12:34:30,-3.494014408,38.27820525,0,0,mud,triangle,0
1040,MWAS_02,7,4,2022,12:40:35,-3.494940468,38.27684359,0,0,modern_mud,triangle,0
1041,MWAS_02,7,4,2022,12:41:02,-3.494919639,38.2768981,0,0,other_latrine,flat,0
1042,MWAS_02,7,4,2022,12:47:13,-3.496342179,38.27490951,0,0,modern,triangle,0
1043,MWAS_02,7,4,2022,12:48:11,-3.49655099,38.27480457,0,0,modern,flat,0
1044,MWAS_02,7,4,2022,12:48:33,-3.496582878,38.27472637,0,0,modern,flat,0
1045,MWAS_02,7,4,2022,12:51:15,-3.496597039,38.27466907,0,0,other_latrine,flat,0
1046,MWAS_02,7,4,2022,12:55:10,-3.496381642,38.27446569,0,0,modern,flat,0
1047,MWAS_02,7,4,2022,12:58:56,-3.495054502,38.27444979,0,0,other_coup,flat,0
1048,MWAS_02,7,4,2022,12:59:24,-3.49493886,38.27442868,0,0,mud,triangle,0
1049,MWAS_02,7,4,2022,13:00:23,-3.49492746,38.27436249,0,0,other_latrine,flat,0
1050,MWAS_02,7,4,2022,13:01:08,-3.494528739,38.274486,0,0,other_wood,flat,0
1051,MWAS_02,7,4,2022,13:02:05,-3.494179635,38.27458382,0,0,modern_mud,flat,0
1052,MWAS_02,7,4,2022,13:02:29,-3.494257601,38.27452409,0,0,modern,other_straw,0
1053,MWAS_02,7,4,2022,13:02:51,-3.494312414,38.27447556,0,0,modern,triangle,0
1054,MWAS_02,7,4,2022,13:04:04,-3.494305225,38.2745924,0,0,modern,triangle,0
1055,MWAS_02,7,4,2022,13:08:33,-3.494390674,38.27462606,0,0,other_water,other_no roof,0
1056,MWAS_02,7,4,2022,13:10:47,-3.494590295,38.273774,0,0,mud,triangle,0
1057,MWAS_02,7,4,2022,13:14:04,-3.495270025,38.2734614,0,0,modern,triangle,0
1058,MWAS_02,7,4,2022,13:15:01,-3.495312666,38.27337317,0,0,other_coup,flat,0
1059,MWAS_02,7,4,2022,13:15:24,-3.495321912,38.27340585,0,0,other_iron,flat,0
1060,MWAS_02,7,4,2022,13:22:58,-3.495861223,38.27213957,0,0,modern_mud,triangle,0
1061,MWAS_02,7,4,2022,13:23:19,-3.495808667,38.27218299,0,0,mud,flat,0
1062,MWAS_02,7,4,2022,13:26:06,-3.495157991,38.27237692,0,0,other_latrine,flat,0
1063,MWAS_02,7,4,2022,13:27:03,-3.494920582,38.27239505,0,0,modern_mud,triangle,0
1064,MWAS_02,7,4,2022,13:27:42,-3.4948731,38.27238539,0,0,other_coup,flat,0
1065,MWAS_02,7,4,2022,13:32:57,-3.494902012,38.27207208,0,0,mud,flat,0
1066,MWAS_02,7,4,2022,13:33:19,-3.494900837,38.27201448,0,0,mud,flat,0
1067,MWAS_02,7,4,2022,13:33:34,-3.495001912,38.2719557,0,0,other_latrine,flat,0
1068,MWAS_02,7,4,2022,13:40:35,-3.493981426,38.27058725,0,0,mud,triangle,0
1069,MWAS_02,7,4,2022,13:41:19,-3.493944613,38.27064143,0,0,other_latrine,flat,0
1070,MWAS_02,7,4,2022,13:41:56,-3.493641567,38.27033208,0,0,mud,flat,NA
1071,MWAS_02,7,4,2022,13:42:48,-3.493625099,38.27104583,0,0,mud,triangle,0
1072,MWAS_02,7,4,2022,13:43:10,-3.493639517,38.27112173,0,0,mud,flat,0
1073,MWAS_02,7,4,2022,13:46:10,-3.494190694,38.27225675,0,0,modern,triangle,0
1074,MWAS_02,7,4,2022,13:46:47,-3.494270176,38.27220022,0,0,mud,flat,0
1075,MWAS_02,7,4,2022,13:47:15,-3.494222956,38.27212629,0,0,mud,triangle,0
1076,MWAS_02,7,4,2022,13:48:15,-3.494136423,38.27217649,0,0,other_coup,triangle,0
1077,MWAS_02,7,4,2022,13:49:45,-3.49394015,38.2724357,0,0,other_coup,flat,0
1078,MWAS_02,7,4,2022,13:50:27,-3.494007797,38.27250718,0,0,modern_mud,triangle,0
1079,MWAS_02,7,4,2022,13:57:01,-3.493921431,38.27250019,0,0,other_latrine,flat,0
1080,MWAS_02,7,4,2022,13:57:59,-3.494429931,38.27225946,0,0,modern,flat,0
1081,MWAS_02,7,4,2022,14:00:53,-3.494743959,38.27312413,0,0,other_iron,flat,0
1082,MWAS_02,7,4,2022,14:01:46,-3.494636957,38.27312485,0,0,modern_mud,triangle,0
1083,MWAS_02,7,4,2022,14:02:06,-3.494601051,38.27304512,0,0,mud,triangle,0
1084,MWAS_02,7,4,2022,14:02:24,-3.4945515,38.2730602,0,0,other_coup,flat,0
1085,MWAS_02,7,4,2022,10:37:13,-3.499515631,38.27793539,0,0,modern_mud,triangle,1
1086,MWAS_02,7,4,2022,11:44:18,-3.496491988,38.27806902,0,0,modern,triangle,0
1087,MWAS_02,7,4,2022,13:38:15,-3.493710693,38.2706299,0,0,modern_mud,flat,0
1088,MWAS_02,7,4,2022,10:00:55,-3.500188779,38.27536041,0,0,mud,triangle,0
1089,MAKT_XX,27,2,2022,17:00:00,-3.418075137,38.14615837,NA,NA,modern,triangle,1
1090,MAKT_XX,27,2,2022,17:00:00,-3.418066077,38.14602014,NA,NA,modern,triangle,1
1091,MAKT_XX,27,2,2022,17:00:00,-3.418632281,38.14648015,NA,NA,modern,triangle,1
1093,MAKT_XX,8,4,2022,8:46:01,-3.415849415,38.14418192,NA,NA,modern,triangle,1
1094,MAKT_XX,8,4,2022,9:01:46,-3.416982817,38.1441597,NA,0,modern,flat,1
1095,MAKT_XX,8,4,2022,9:07:12,-3.418991511,38.14420948,NA,NA,modern,triangle,1
1096,MAKT_XX,27,2,2022,17:00:00,-3.418718344,38.14614931,0,0,modern,triangle,0
1097,MAKT_XX,27,2,2022,17:00:00,-3.418813466,38.14582073,0,0,modern,triangle,0
1098,MAKT_XX,27,2,2022,17:00:00,-3.419064861,38.1458162,0,0,modern,triangle,0
1102,MAKT_XX,8,4,2022,8:33:41,-3.418041748,38.14628757,0,0,other_latrine,flat,0
1103,MAKT_XX,8,4,2022,8:35:53,-3.419141653,38.1454779,0,0,other_latrine,flat,0
1104,MAKT_XX,8,4,2022,8:36:18,-3.419626271,38.1454828,0,0,other_latrine,flat,0
1105,MAKT_XX,8,4,2022,8:37:18,-3.418640584,38.14663331,0,0,other_latrine,flat,0
1106,MAKT_XX,8,4,2022,8:39:31,-3.421820369,38.14622666,0,0,modern,triangle,0
1107,MAKT_XX,8,4,2022,8:40:07,-3.421781961,38.14606259,0,0,other_latrine,flat,0
1108,MAKT_XX,8,4,2022,8:40:35,-3.421616508,38.14608181,0,0,other_latrine,flat,0
1109,MAKT_XX,8,4,2022,8:45:05,-3.415698074,38.14430185,0,0,modern,flat,0
1110,MAKT_XX,8,4,2022,8:45:32,-3.415869997,38.144297,0,0,mud,triangle,0
1111,MAKT_XX,8,4,2022,8:47:35,-3.415573317,38.14304068,0,0,modern,triangle,0
1112,MAKT_XX,8,4,2022,8:47:53,-3.415322768,38.14322014,0,0,modern,triangle,0
1113,MAKT_XX,8,4,2022,8:48:16,-3.415504986,38.14320875,0,0,other_latrine,flat,0
1114,MAKT_XX,8,4,2022,8:50:24,-3.415536142,38.14297774,0,0,other_latrine,flat,0
1115,MAKT_XX,8,4,2022,8:50:53,-3.415540104,38.14299602,0,0,modern,triangle,0
1116,MAKT_XX,8,4,2022,8:51:05,-3.415276557,38.14317742,0,0,modern,flat,0
1117,MAKT_XX,8,4,2022,8:52:16,-3.414653898,38.14247702,0,0,modern,triangle,0
1118,MAKT_XX,8,4,2022,8:52:44,-3.414636005,38.14241337,0,0,other_latrine,flat,0
1119,MAKT_XX,8,4,2022,8:53:11,-3.414679772,38.1425437,0,0,modern,flat,0
1120,MAKT_XX,8,4,2022,8:53:40,-3.414712675,38.14248921,0,0,modern,flat,0
1121,MAKT_XX,8,4,2022,8:54:33,-3.414736872,38.14204749,0,0,modern,flat,0
1122,MAKT_XX,8,4,2022,8:55:59,-3.41468659,38.14207566,0,0,other_latrine,flat,0
1123,MAKT_XX,8,4,2022,9:04:58,-3.418348771,38.1432019,0,0,modern,triangle,0
1124,MAKT_XX,8,4,2022,9:05:22,-3.418287576,38.14298482,0,0,other_coup,flat,0
1125,MAKT_XX,8,4,2022,9:05:56,-3.418446126,38.14299317,0,0,other_latrine,flat,0
1126,MAKT_XX,8,4,2022,9:06:23,-3.418373806,38.14283453,0,0,other_latrine,flat,0
1127,MAKT_XX,8,4,2022,9:15:37,-3.417065376,38.14405988,0,0,mud,flat,0
1128,MAKT_XX,8,4,2022,9:16:32,-3.417828,38.14368,0,0,modern,flat,0
1129,MAKT_XX,8,4,2022,9:20:29,-3.415582513,38.14711008,0,0,modern,flat,0
1130,MAKT_XX,8,4,2022,9:20:52,-3.415526451,38.14698388,0,0,modern,flat,0
1131,MAKT_XX,8,4,2022,9:21:14,-3.415592324,38.1469979,0,0,other_latrine,flat,0
1132,MAKT_XX,8,4,2022,9:21:42,-3.415620355,38.14719422,0,0,other_latrine,flat,0
1133,MAKT_XX,8,4,2022,9:22:13,-3.415722668,38.14742,0,0,modern,triangle,0
1134,MAKT_XX,8,4,2022,9:22:54,-3.415259634,38.1462319,0,0,modern,triangle,0
1135,MAKT_XX,8,4,2022,9:23:19,-3.415085269,38.14627613,0,0,modern,flat,0
1136,MAKT_XX,8,4,2022,9:23:38,-3.415092637,38.1463695,0,0,modern,flat,0
1137,MAKT_XX,8,4,2022,9:24:02,-3.415107591,38.14642462,0,0,other_latrine,flat,0
1138,MAKT_XX,8,4,2022,9:26:33,-3.413676313,38.14585553,0,0,modern_mud,other_no roof,0
1139,MAKT_XX,8,4,2022,9:27:05,-3.413576511,38.14627096,0,0,modern,flat,0
1140,MAKT_XX,8,4,2022,9:27:30,-3.41347311,38.14630244,0,0,modern,flat,0
1141,MAKT_XX,8,4,2022,9:27:54,-3.413419162,38.14623047,0,0,other_latrine,flat,0
1142,MAKT_XX,8,4,2022,9:28:52,-3.413996901,38.14658282,NA,0,modern,flat,1
1143,MAKT_XX,8,4,2022,9:29:22,-3.413975742,38.14648756,0,0,other_coup,flat,0
1144,MAKT_XX,8,4,2022,9:29:45,-3.413947531,38.14643816,0,0,other_latrine,flat,0
1145,MAKT_XX,8,4,2022,9:32:05,-3.413977253,38.14740527,0,0,modern,flat,0
1146,MAKT_XX,8,4,2022,9:32:51,-3.414411,38.148066,0,0,modern,flat,0
1147,MAKT_XX,8,4,2022,9:36:32,-3.414261349,38.14808803,0,0,other_latrine,flat,0
1148,MAKT_XX,8,4,2022,9:37:21,-3.417088645,38.14871832,0,0,other_latrine,flat,0
1149,MAKT_XX,8,4,2022,9:40:01,-3.417112208,38.14882508,0,0,modern,triangle,0
1150,MAKT_XX,8,4,2022,8:56:35,-3.414465776,38.14162405,0,0,modern,triangle,0
